JaVale McGee (15432415),Torrey Craig (15432414),Jamal Murray (15432400),Anthony Davis (15432399),Nikola Jokic (15432398),LeBron James (15432397)
Kyle Kuzma (15432404),Mason Plumlee (15432416),Kentavious Caldwell-Pope (15432412),Anthony Davis (15432399),Nikola Jokic (15432398),LeBron James (15432397)
Paul Millsap (15432406),Dwight Howard (15432411),Alex Caruso (15432410),Anthony Davis (15432399),Nikola Jokic (15432398),LeBron James (15432397)
Alex Caruso (15432410),Danny Green (15432408),Paul Millsap (15432406),Anthony Davis (15432399),Nikola Jokic (15432398),LeBron James (15432397)
Markieff Morris (15432409),Monte Morris (15432413),Paul Millsap (15432406),Anthony Davis (15432399),Nikola Jokic (15432398),LeBron James (15432397)
Nikola Jokic (15432398),PJ Dozier (15432423),Kentavious Caldwell-Pope (15432412),Paul Millsap (15432406),Anthony Davis (15432399),LeBron James (15432397)
Jamal Murray (15432400),Monte Morris (15432413),Kentavious Caldwell-Pope (15432412),Paul Millsap (15432406),Anthony Davis (15432399),LeBron James (15432397)
Jamal Murray (15432400),JaVale McGee (15432415),Alex Caruso (15432410),Paul Millsap (15432406),Nikola Jokic (15432398),LeBron James (15432397)
Anthony Davis (15432399),JaVale McGee (15432415),Alex Caruso (15432410),Danny Green (15432408),Nikola Jokic (15432398),LeBron James (15432397)
Anthony Davis (15432399),JaVale McGee (15432415),Kentavious Caldwell-Pope (15432412),Paul Millsap (15432406),Jamal Murray (15432400),LeBron James (15432397)
Nikola Jokic (15432398),JaVale McGee (15432415),Torrey Craig (15432414),Paul Millsap (15432406),Anthony Davis (15432399),LeBron James (15432397)
Nikola Jokic (15432398),Mason Plumlee (15432416),JaVale McGee (15432415),Paul Millsap (15432406),Anthony Davis (15432399),LeBron James (15432397)
Nikola Jokic (15432398),Dwight Howard (15432411),Alex Caruso (15432410),Kentavious Caldwell-Pope (15432412),Anthony Davis (15432399),LeBron James (15432397)
Torrey Craig (15432414),JaVale McGee (15432415),Jamal Murray (15432400),Anthony Davis (15432399),Nikola Jokic (15432398),LeBron James (15432397)
Gary Harris (15432403),Torrey Craig (15432414),Monte Morris (15432413),Anthony Davis (15432399),Nikola Jokic (15432398),LeBron James (15432397)
Alex Caruso (15432410),Kentavious Caldwell-Pope (15432412),Kyle Kuzma (15432404),Anthony Davis (15432399),Nikola Jokic (15432398),LeBron James (15432397)
Jamal Murray (15432400),Mason Plumlee (15432416),Danny Green (15432408),Paul Millsap (15432406),Anthony Davis (15432399),LeBron James (15432397)
Kentavious Caldwell-Pope (15432412),Danny Green (15432408),Paul Millsap (15432406),Anthony Davis (15432399),Nikola Jokic (15432398),LeBron James (15432397)
Gary Harris (15432403),Alex Caruso (15432410),Paul Millsap (15432406),Jerami Grant (15432405),Anthony Davis (15432399),LeBron James (15432397)
LeBron James (15432397),JaVale McGee (15432415),Torrey Craig (15432414),Jerami Grant (15432405),Anthony Davis (15432399),Nikola Jokic (15432398)
Torrey Craig (15432414),Danny Green (15432408),Paul Millsap (15432406),Anthony Davis (15432399),Nikola Jokic (15432398),LeBron James (15432397)
Jerami Grant (15432405),PJ Dozier (15432423),Paul Millsap (15432406),Anthony Davis (15432399),Nikola Jokic (15432398),LeBron James (15432397)
LeBron James (15432397),JaVale McGee (15432415),Kentavious Caldwell-Pope (15432412),Danny Green (15432408),Anthony Davis (15432399),Nikola Jokic (15432398)
LeBron James (15432397),Mason Plumlee (15432416),Torrey Craig (15432414),Paul Millsap (15432406),Anthony Davis (15432399),Nikola Jokic (15432398)
Torrey Craig (15432414),Alex Caruso (15432410),Paul Millsap (15432406),Anthony Davis (15432399),Nikola Jokic (15432398),LeBron James (15432397)
Michael Porter Jr. (15432402),JaVale McGee (15432415),Paul Millsap (15432406),Kyle Kuzma (15432404),Anthony Davis (15432399),LeBron James (15432397)
Gary Harris (15432403),JaVale McGee (15432415),Torrey Craig (15432414),Anthony Davis (15432399),Nikola Jokic (15432398),LeBron James (15432397)
JaVale McGee (15432415),Kentavious Caldwell-Pope (15432412),Jamal Murray (15432400),Anthony Davis (15432399),Nikola Jokic (15432398),LeBron James (15432397)
Jamal Murray (15432400),Mason Plumlee (15432416),Alex Caruso (15432410),Paul Millsap (15432406),Anthony Davis (15432399),LeBron James (15432397)
Jamal Murray (15432400),JaVale McGee (15432415),Alex Caruso (15432410),Paul Millsap (15432406),Anthony Davis (15432399),LeBron James (15432397)
Kyle Kuzma (15432404),JaVale McGee (15432415),Alex Caruso (15432410),Anthony Davis (15432399),Nikola Jokic (15432398),LeBron James (15432397)
Torrey Craig (15432414),Mason Plumlee (15432416),Jamal Murray (15432400),Anthony Davis (15432399),Nikola Jokic (15432398),LeBron James (15432397)
JaVale McGee (15432415),Paul Millsap (15432406),Kyle Kuzma (15432404),Anthony Davis (15432399),Nikola Jokic (15432398),LeBron James (15432397)
Jamal Murray (15432400),JaVale McGee (15432415),Danny Green (15432408),Paul Millsap (15432406),Anthony Davis (15432399),LeBron James (15432397)
Kyle Kuzma (15432404),Torrey Craig (15432414),Kentavious Caldwell-Pope (15432412),Anthony Davis (15432399),Nikola Jokic (15432398),LeBron James (15432397)
Kentavious Caldwell-Pope (15432412),Paul Millsap (15432406),Jerami Grant (15432405),Jamal Murray (15432400),Anthony Davis (15432399),LeBron James (15432397)
Nikola Jokic (15432398),JaVale McGee (15432415),Kentavious Caldwell-Pope (15432412),Paul Millsap (15432406),Anthony Davis (15432399),LeBron James (15432397)
Michael Porter Jr. (15432402),JaVale McGee (15432415),Monte Morris (15432413),Jamal Murray (15432400),Anthony Davis (15432399),LeBron James (15432397)
Anthony Davis (15432399),Torrey Craig (15432414),Kentavious Caldwell-Pope (15432412),Paul Millsap (15432406),Nikola Jokic (15432398),LeBron James (15432397)
Mason Plumlee (15432416),Monte Morris (15432413),Jamal Murray (15432400),Anthony Davis (15432399),Nikola Jokic (15432398),LeBron James (15432397)
Markieff Morris (15432409),JaVale McGee (15432415),Kyle Kuzma (15432404),Anthony Davis (15432399),Nikola Jokic (15432398),LeBron James (15432397)
Markieff Morris (15432409),JaVale McGee (15432415),Jerami Grant (15432405),Anthony Davis (15432399),Nikola Jokic (15432398),LeBron James (15432397)
Kyle Kuzma (15432404),JaVale McGee (15432415),Kentavious Caldwell-Pope (15432412),Anthony Davis (15432399),Nikola Jokic (15432398),LeBron James (15432397)
LeBron James (15432397),Mason Plumlee (15432416),Alex Caruso (15432410),Danny Green (15432408),Anthony Davis (15432399),Nikola Jokic (15432398)
Gary Harris (15432403),PJ Dozier (15432423),Alex Caruso (15432410),Anthony Davis (15432399),Nikola Jokic (15432398),LeBron James (15432397)
Nikola Jokic (15432398),Mason Plumlee (15432416),Kentavious Caldwell-Pope (15432412),Paul Millsap (15432406),Anthony Davis (15432399),LeBron James (15432397)
Nikola Jokic (15432398),PJ Dozier (15432423),Alex Caruso (15432410),Paul Millsap (15432406),Anthony Davis (15432399),LeBron James (15432397)
LeBron James (15432397),JaVale McGee (15432415),Alex Caruso (15432410),Kentavious Caldwell-Pope (15432412),Anthony Davis (15432399),Nikola Jokic (15432398)
Dwight Howard (15432411),Alex Caruso (15432410),Paul Millsap (15432406),Anthony Davis (15432399),Nikola Jokic (15432398),LeBron James (15432397)
Gary Harris (15432403),Mason Plumlee (15432416),Kentavious Caldwell-Pope (15432412),Anthony Davis (15432399),Nikola Jokic (15432398),LeBron James (15432397)
Jamal Murray (15432400),JaVale McGee (15432415),Danny Green (15432408),Paul Millsap (15432406),Anthony Davis (15432399),Nikola Jokic (15432398)
Paul Millsap (15432406),Monte Morris (15432413),Alex Caruso (15432410),Anthony Davis (15432399),Nikola Jokic (15432398),LeBron James (15432397)
Kentavious Caldwell-Pope (15432412),Danny Green (15432408),Jerami Grant (15432405),Anthony Davis (15432399),Nikola Jokic (15432398),LeBron James (15432397)
Jerami Grant (15432405),JaVale McGee (15432415),Alex Caruso (15432410),Anthony Davis (15432399),Nikola Jokic (15432398),LeBron James (15432397)
Gary Harris (15432403),Kentavious Caldwell-Pope (15432412),Paul Millsap (15432406),Jerami Grant (15432405),Anthony Davis (15432399),LeBron James (15432397)
Nikola Jokic (15432398),Monte Morris (15432413),Kentavious Caldwell-Pope (15432412),Danny Green (15432408),Anthony Davis (15432399),LeBron James (15432397)
JaVale McGee (15432415),Monte Morris (15432413),Jamal Murray (15432400),Anthony Davis (15432399),Nikola Jokic (15432398),LeBron James (15432397)
Markieff Morris (15432409),JaVale McGee (15432415),Paul Millsap (15432406),Anthony Davis (15432399),Nikola Jokic (15432398),LeBron James (15432397)
Jamal Murray (15432400),Dwight Howard (15432411),Kentavious Caldwell-Pope (15432412),Paul Millsap (15432406),Anthony Davis (15432399),LeBron James (15432397)
Gary Harris (15432403),Mason Plumlee (15432416),JaVale McGee (15432415),Anthony Davis (15432399),Nikola Jokic (15432398),LeBron James (15432397)
Anthony Davis (15432399),JaVale McGee (15432415),Monte Morris (15432413),Paul Millsap (15432406),Nikola Jokic (15432398),LeBron James (15432397)
Danny Green (15432408),Kentavious Caldwell-Pope (15432412),Jerami Grant (15432405),Anthony Davis (15432399),Nikola Jokic (15432398),LeBron James (15432397)
JaVale McGee (15432415),Paul Millsap (15432406),Jerami Grant (15432405),Anthony Davis (15432399),Nikola Jokic (15432398),LeBron James (15432397)
Nikola Jokic (15432398),JaVale McGee (15432415),Dwight Howard (15432411),Alex Caruso (15432410),Anthony Davis (15432399),LeBron James (15432397)
Paul Millsap (15432406),Alex Caruso (15432410),Kentavious Caldwell-Pope (15432412),Anthony Davis (15432399),Nikola Jokic (15432398),LeBron James (15432397)
Nikola Jokic (15432398),JaVale McGee (15432415),Dwight Howard (15432411),Danny Green (15432408),Anthony Davis (15432399),LeBron James (15432397)
Nikola Jokic (15432398),Torrey Craig (15432414),Monte Morris (15432413),Paul Millsap (15432406),Anthony Davis (15432399),LeBron James (15432397)
LeBron James (15432397),Mason Plumlee (15432416),Monte Morris (15432413),Paul Millsap (15432406),Anthony Davis (15432399),Nikola Jokic (15432398)
LeBron James (15432397),JaVale McGee (15432415),Alex Caruso (15432410),Danny Green (15432408),Anthony Davis (15432399),Nikola Jokic (15432398)
Monte Morris (15432413),Alex Caruso (15432410),Paul Millsap (15432406),Anthony Davis (15432399),Nikola Jokic (15432398),LeBron James (15432397)
Gary Harris (15432403),Monte Morris (15432413),Kentavious Caldwell-Pope (15432412),Jamal Murray (15432400),Anthony Davis (15432399),LeBron James (15432397)
LeBron James (15432397),Mason Plumlee (15432416),Kentavious Caldwell-Pope (15432412),Paul Millsap (15432406),Anthony Davis (15432399),Nikola Jokic (15432398)
Kentavious Caldwell-Pope (15432412),Alex Caruso (15432410),Kyle Kuzma (15432404),Anthony Davis (15432399),Nikola Jokic (15432398),LeBron James (15432397)
Kyle Kuzma (15432404),JaVale McGee (15432415),Danny Green (15432408),Jamal Murray (15432400),Anthony Davis (15432399),LeBron James (15432397)
Michael Porter Jr. (15432402),PJ Dozier (15432423),Kentavious Caldwell-Pope (15432412),Anthony Davis (15432399),Nikola Jokic (15432398),LeBron James (15432397)
Anthony Davis (15432399),Mason Plumlee (15432416),JaVale McGee (15432415),Kyle Kuzma (15432404),Nikola Jokic (15432398),LeBron James (15432397)
Michael Porter Jr. (15432402),Alex Caruso (15432410),Danny Green (15432408),Paul Millsap (15432406),Anthony Davis (15432399),LeBron James (15432397)
Danny Green (15432408),Kentavious Caldwell-Pope (15432412),Paul Millsap (15432406),Anthony Davis (15432399),Nikola Jokic (15432398),LeBron James (15432397)
Paul Millsap (15432406),JaVale McGee (15432415),Kentavious Caldwell-Pope (15432412),Anthony Davis (15432399),Nikola Jokic (15432398),LeBron James (15432397)
Alex Caruso (15432410),Markieff Morris (15432409),Paul Millsap (15432406),Anthony Davis (15432399),Nikola Jokic (15432398),LeBron James (15432397)
Alex Caruso (15432410),JaVale McGee (15432415),Jerami Grant (15432405),Anthony Davis (15432399),Nikola Jokic (15432398),LeBron James (15432397)
Danny Green (15432408),Dwight Howard (15432411),Paul Millsap (15432406),Anthony Davis (15432399),Nikola Jokic (15432398),LeBron James (15432397)
Alex Caruso (15432410),JaVale McGee (15432415),Paul Millsap (15432406),Anthony Davis (15432399),Nikola Jokic (15432398),LeBron James (15432397)
Jerami Grant (15432405),JaVale McGee (15432415),Paul Millsap (15432406),Jamal Murray (15432400),Anthony Davis (15432399),LeBron James (15432397)
Anthony Davis (15432399),Mason Plumlee (15432416),Kentavious Caldwell-Pope (15432412),Jerami Grant (15432405),Nikola Jokic (15432398),LeBron James (15432397)
Jamal Murray (15432400),JaVale McGee (15432415),Kentavious Caldwell-Pope (15432412),Jerami Grant (15432405),Anthony Davis (15432399),LeBron James (15432397)
Gary Harris (15432403),JaVale McGee (15432415),Kentavious Caldwell-Pope (15432412),Jamal Murray (15432400),Anthony Davis (15432399),LeBron James (15432397)
Jamal Murray (15432400),Dwight Howard (15432411),Kentavious Caldwell-Pope (15432412),Paul Millsap (15432406),Nikola Jokic (15432398),LeBron James (15432397)
Anthony Davis (15432399),Dwight Howard (15432411),Kentavious Caldwell-Pope (15432412),Paul Millsap (15432406),Jamal Murray (15432400),LeBron James (15432397)
Nikola Jokic (15432398),Mason Plumlee (15432416),JaVale McGee (15432415),Kyle Kuzma (15432404),Anthony Davis (15432399),LeBron James (15432397)
Jerami Grant (15432405),JaVale McGee (15432415),Kentavious Caldwell-Pope (15432412),Anthony Davis (15432399),Nikola Jokic (15432398),LeBron James (15432397)
JaVale McGee (15432415),Dwight Howard (15432411),Jamal Murray (15432400),Anthony Davis (15432399),Nikola Jokic (15432398),LeBron James (15432397)
Michael Porter Jr. (15432402),Mason Plumlee (15432416),JaVale McGee (15432415),Anthony Davis (15432399),Nikola Jokic (15432398),LeBron James (15432397)
Gary Harris (15432403),Kentavious Caldwell-Pope (15432412),Paul Millsap (15432406),Kyle Kuzma (15432404),Anthony Davis (15432399),LeBron James (15432397)
Dwight Howard (15432411),Danny Green (15432408),Paul Millsap (15432406),Anthony Davis (15432399),Nikola Jokic (15432398),LeBron James (15432397)
Danny Green (15432408),JaVale McGee (15432415),Jerami Grant (15432405),Anthony Davis (15432399),Nikola Jokic (15432398),LeBron James (15432397)
Jamal Murray (15432400),Monte Morris (15432413),Kentavious Caldwell-Pope (15432412),Jerami Grant (15432405),Anthony Davis (15432399),LeBron James (15432397)
Nikola Jokic (15432398),JaVale McGee (15432415),Monte Morris (15432413),Danny Green (15432408),Anthony Davis (15432399),LeBron James (15432397)
Nikola Jokic (15432398),Mason Plumlee (15432416),Monte Morris (15432413),Paul Millsap (15432406),Anthony Davis (15432399),LeBron James (15432397)
LeBron James (15432397),Mason Plumlee (15432416),JaVale McGee (15432415),Jerami Grant (15432405),Anthony Davis (15432399),Nikola Jokic (15432398)
Nikola Jokic (15432398),JaVale McGee (15432415),Alex Caruso (15432410),Danny Green (15432408),Anthony Davis (15432399),LeBron James (15432397)
Danny Green (15432408),Torrey Craig (15432414),Paul Millsap (15432406),Anthony Davis (15432399),Nikola Jokic (15432398),LeBron James (15432397)
Jamal Murray (15432400),JaVale McGee (15432415),Kentavious Caldwell-Pope (15432412),Kyle Kuzma (15432404),Anthony Davis (15432399),LeBron James (15432397)
Danny Green (15432408),JaVale McGee (15432415),Paul Millsap (15432406),Anthony Davis (15432399),Nikola Jokic (15432398),LeBron James (15432397)
Dwight Howard (15432411),Kentavious Caldwell-Pope (15432412),Jerami Grant (15432405),Anthony Davis (15432399),Nikola Jokic (15432398),LeBron James (15432397)
Anthony Davis (15432399),JaVale McGee (15432415),Torrey Craig (15432414),Jerami Grant (15432405),Nikola Jokic (15432398),LeBron James (15432397)
Nikola Jokic (15432398),Mason Plumlee (15432416),JaVale McGee (15432415),Jerami Grant (15432405),Anthony Davis (15432399),LeBron James (15432397)
Jerami Grant (15432405),Monte Morris (15432413),Alex Caruso (15432410),Anthony Davis (15432399),Nikola Jokic (15432398),LeBron James (15432397)
Kyle Kuzma (15432404),Monte Morris (15432413),Kentavious Caldwell-Pope (15432412),Anthony Davis (15432399),Nikola Jokic (15432398),LeBron James (15432397)
Kyle Kuzma (15432404),Mason Plumlee (15432416),Alex Caruso (15432410),Anthony Davis (15432399),Nikola Jokic (15432398),LeBron James (15432397)
JaVale McGee (15432415),Danny Green (15432408),Paul Millsap (15432406),Anthony Davis (15432399),Nikola Jokic (15432398),LeBron James (15432397)
Michael Porter Jr. (15432402),Monte Morris (15432413),Paul Millsap (15432406),Jerami Grant (15432405),Anthony Davis (15432399),LeBron James (15432397)
Alex Caruso (15432410),Dwight Howard (15432411),Paul Millsap (15432406),Anthony Davis (15432399),Nikola Jokic (15432398),LeBron James (15432397)
Monte Morris (15432413),Danny Green (15432408),Paul Millsap (15432406),Anthony Davis (15432399),Nikola Jokic (15432398),LeBron James (15432397)
PJ Dozier (15432423),Alex Caruso (15432410),Jamal Murray (15432400),Anthony Davis (15432399),Nikola Jokic (15432398),LeBron James (15432397)
Kentavious Caldwell-Pope (15432412),Danny Green (15432408),Kyle Kuzma (15432404),Anthony Davis (15432399),Nikola Jokic (15432398),LeBron James (15432397)
Anthony Davis (15432399),JaVale McGee (15432415),Dwight Howard (15432411),Danny Green (15432408),Nikola Jokic (15432398),LeBron James (15432397)
Kyle Kuzma (15432404),JaVale McGee (15432415),Dwight Howard (15432411),Anthony Davis (15432399),Nikola Jokic (15432398),LeBron James (15432397)
Kentavious Caldwell-Pope (15432412),Alex Caruso (15432410),Jerami Grant (15432405),Anthony Davis (15432399),Nikola Jokic (15432398),LeBron James (15432397)
Jamal Murray (15432400),Mason Plumlee (15432416),Kentavious Caldwell-Pope (15432412),Paul Millsap (15432406),Anthony Davis (15432399),LeBron James (15432397)
Mason Plumlee (15432416),JaVale McGee (15432415),Jamal Murray (15432400),Anthony Davis (15432399),Nikola Jokic (15432398),LeBron James (15432397)
Anthony Davis (15432399),Mason Plumlee (15432416),Kentavious Caldwell-Pope (15432412),Paul Millsap (15432406),Nikola Jokic (15432398),LeBron James (15432397)
Jamal Murray (15432400),JaVale McGee (15432415),Kentavious Caldwell-Pope (15432412),Paul Millsap (15432406),Nikola Jokic (15432398),LeBron James (15432397)
Monte Morris (15432413),JaVale McGee (15432415),Jamal Murray (15432400),Anthony Davis (15432399),Nikola Jokic (15432398),LeBron James (15432397)
LeBron James (15432397),JaVale McGee (15432415),Monte Morris (15432413),Danny Green (15432408),Anthony Davis (15432399),Nikola Jokic (15432398)
Anthony Davis (15432399),JaVale McGee (15432415),Monte Morris (15432413),Jerami Grant (15432405),Nikola Jokic (15432398),LeBron James (15432397)
Jamal Murray (15432400),Alex Caruso (15432410),Kentavious Caldwell-Pope (15432412),Paul Millsap (15432406),Anthony Davis (15432399),Nikola Jokic (15432398)
LeBron James (15432397),JaVale McGee (15432415),Dwight Howard (15432411),Danny Green (15432408),Anthony Davis (15432399),Nikola Jokic (15432398)
Kentavious Caldwell-Pope (15432412),JaVale McGee (15432415),Jamal Murray (15432400),Anthony Davis (15432399),Nikola Jokic (15432398),LeBron James (15432397)
Markieff Morris (15432409),Alex Caruso (15432410),Paul Millsap (15432406),Anthony Davis (15432399),Nikola Jokic (15432398),LeBron James (15432397)
Jerami Grant (15432405),JaVale McGee (15432415),Danny Green (15432408),Anthony Davis (15432399),Nikola Jokic (15432398),LeBron James (15432397)
Nikola Jokic (15432398),Mason Plumlee (15432416),Dwight Howard (15432411),Paul Millsap (15432406),Anthony Davis (15432399),LeBron James (15432397)
Danny Green (15432408),Monte Morris (15432413),Jerami Grant (15432405),Anthony Davis (15432399),Nikola Jokic (15432398),LeBron James (15432397)
JaVale McGee (15432415),Mason Plumlee (15432416),Jamal Murray (15432400),Anthony Davis (15432399),Nikola Jokic (15432398),LeBron James (15432397)
Nikola Jokic (15432398),Monte Morris (15432413),Alex Caruso (15432410),Kentavious Caldwell-Pope (15432412),Anthony Davis (15432399),LeBron James (15432397)
Anthony Davis (15432399),Dwight Howard (15432411),Kentavious Caldwell-Pope (15432412),Danny Green (15432408),Nikola Jokic (15432398),LeBron James (15432397)
LeBron James (15432397),JaVale McGee (15432415),Monte Morris (15432413),Paul Millsap (15432406),Anthony Davis (15432399),Nikola Jokic (15432398)
Torrey Craig (15432414),Paul Millsap (15432406),Kyle Kuzma (15432404),Anthony Davis (15432399),Nikola Jokic (15432398),LeBron James (15432397)
Dwight Howard (15432411),Danny Green (15432408),Jerami Grant (15432405),Anthony Davis (15432399),Nikola Jokic (15432398),LeBron James (15432397)
Dwight Howard (15432411),Paul Millsap (15432406),Jerami Grant (15432405),Jamal Murray (15432400),Anthony Davis (15432399),LeBron James (15432397)
Monte Morris (15432413),Mason Plumlee (15432416),Jamal Murray (15432400),Anthony Davis (15432399),Nikola Jokic (15432398),LeBron James (15432397)
Mason Plumlee (15432416),Paul Millsap (15432406),Jerami Grant (15432405),Anthony Davis (15432399),Nikola Jokic (15432398),LeBron James (15432397)
Jamal Murray (15432400),Torrey Craig (15432414),Alex Caruso (15432410),Paul Millsap (15432406),Anthony Davis (15432399),LeBron James (15432397)
LeBron James (15432397),PJ Dozier (15432423),Kentavious Caldwell-Pope (15432412),Paul Millsap (15432406),Anthony Davis (15432399),Nikola Jokic (15432398)
Jamal Murray (15432400),Alex Caruso (15432410),Kentavious Caldwell-Pope (15432412),Danny Green (15432408),Anthony Davis (15432399),LeBron James (15432397)
Gary Harris (15432403),JaVale McGee (15432415),Kentavious Caldwell-Pope (15432412),Anthony Davis (15432399),Nikola Jokic (15432398),LeBron James (15432397)
Jamal Murray (15432400),JaVale McGee (15432415),Dwight Howard (15432411),Paul Millsap (15432406),Anthony Davis (15432399),LeBron James (15432397)
Jamal Murray (15432400),JaVale McGee (15432415),Monte Morris (15432413),Paul Millsap (15432406),Anthony Davis (15432399),LeBron James (15432397)
Anthony Davis (15432399),Mason Plumlee (15432416),Dwight Howard (15432411),Paul Millsap (15432406),Nikola Jokic (15432398),LeBron James (15432397)
Dwight Howard (15432411),Alex Caruso (15432410),Kyle Kuzma (15432404),Anthony Davis (15432399),Nikola Jokic (15432398),LeBron James (15432397)
Anthony Davis (15432399),JaVale McGee (15432415),Alex Caruso (15432410),Paul Millsap (15432406),Jamal Murray (15432400),LeBron James (15432397)
Anthony Davis (15432399),JaVale McGee (15432415),Kentavious Caldwell-Pope (15432412),Paul Millsap (15432406),Nikola Jokic (15432398),LeBron James (15432397)
LeBron James (15432397),Mason Plumlee (15432416),JaVale McGee (15432415),Kyle Kuzma (15432404),Anthony Davis (15432399),Nikola Jokic (15432398)
Markieff Morris (15432409),Dwight Howard (15432411),Paul Millsap (15432406),Anthony Davis (15432399),Nikola Jokic (15432398),LeBron James (15432397)
Anthony Davis (15432399),JaVale McGee (15432415),Torrey Craig (15432414),Paul Millsap (15432406),Nikola Jokic (15432398),LeBron James (15432397)
Gary Harris (15432403),JaVale McGee (15432415),Alex Caruso (15432410),Jamal Murray (15432400),Anthony Davis (15432399),LeBron James (15432397)
Danny Green (15432408),JaVale McGee (15432415),Kyle Kuzma (15432404),Anthony Davis (15432399),Nikola Jokic (15432398),LeBron James (15432397)
Paul Millsap (15432406),Kentavious Caldwell-Pope (15432412),Danny Green (15432408),Anthony Davis (15432399),Nikola Jokic (15432398),LeBron James (15432397)
Jamal Murray (15432400),JaVale McGee (15432415),Alex Caruso (15432410),Jerami Grant (15432405),Anthony Davis (15432399),LeBron James (15432397)
Paul Millsap (15432406),Monte Morris (15432413),Danny Green (15432408),Anthony Davis (15432399),Nikola Jokic (15432398),LeBron James (15432397)
Gary Harris (15432403),JaVale McGee (15432415),Monte Morris (15432413),Anthony Davis (15432399),Nikola Jokic (15432398),LeBron James (15432397)
Monte Morris (15432413),Kentavious Caldwell-Pope (15432412),Paul Millsap (15432406),Anthony Davis (15432399),Nikola Jokic (15432398),LeBron James (15432397)
Dwight Howard (15432411),JaVale McGee (15432415),Paul Millsap (15432406),Anthony Davis (15432399),Nikola Jokic (15432398),LeBron James (15432397)
Nikola Jokic (15432398),JaVale McGee (15432415),Kentavious Caldwell-Pope (15432412),Danny Green (15432408),Anthony Davis (15432399),LeBron James (15432397)
Anthony Davis (15432399),Dwight Howard (15432411),Alex Caruso (15432410),Kentavious Caldwell-Pope (15432412),Nikola Jokic (15432398),LeBron James (15432397)
Monte Morris (15432413),Paul Millsap (15432406),Jerami Grant (15432405),Anthony Davis (15432399),Nikola Jokic (15432398),LeBron James (15432397)
Alex Caruso (15432410),Monte Morris (15432413),Paul Millsap (15432406),Anthony Davis (15432399),Nikola Jokic (15432398),LeBron James (15432397)
Jamal Murray (15432400),JaVale McGee (15432415),Markieff Morris (15432409),Paul Millsap (15432406),Anthony Davis (15432399),LeBron James (15432397)
Kyle Kuzma (15432404),Alex Caruso (15432410),Kentavious Caldwell-Pope (15432412),Jamal Murray (15432400),Anthony Davis (15432399),LeBron James (15432397)
Anthony Davis (15432399),Mason Plumlee (15432416),JaVale McGee (15432415),Jerami Grant (15432405),Nikola Jokic (15432398),LeBron James (15432397)
LeBron James (15432397),JaVale McGee (15432415),Dwight Howard (15432411),Alex Caruso (15432410),Anthony Davis (15432399),Nikola Jokic (15432398)
Torrey Craig (15432414),Monte Morris (15432413),Jamal Murray (15432400),Anthony Davis (15432399),Nikola Jokic (15432398),LeBron James (15432397)
Anthony Davis (15432399),Mason Plumlee (15432416),JaVale McGee (15432415),Paul Millsap (15432406),Nikola Jokic (15432398),LeBron James (15432397)
Monte Morris (15432413),Torrey Craig (15432414),Jamal Murray (15432400),Anthony Davis (15432399),Nikola Jokic (15432398),LeBron James (15432397)
Alex Caruso (15432410),Kentavious Caldwell-Pope (15432412),Paul Millsap (15432406),Anthony Davis (15432399),Nikola Jokic (15432398),LeBron James (15432397)
Paul Millsap (15432406),Dwight Howard (15432411),Kentavious Caldwell-Pope (15432412),Anthony Davis (15432399),Nikola Jokic (15432398),LeBron James (15432397)
Nikola Jokic (15432398),JaVale McGee (15432415),Monte Morris (15432413),Paul Millsap (15432406),Anthony Davis (15432399),LeBron James (15432397)
Gary Harris (15432403),Mason Plumlee (15432416),Dwight Howard (15432411),Anthony Davis (15432399),Nikola Jokic (15432398),LeBron James (15432397)
Markieff Morris (15432409),Kentavious Caldwell-Pope (15432412),Kyle Kuzma (15432404),Anthony Davis (15432399),Nikola Jokic (15432398),LeBron James (15432397)
Nikola Jokic (15432398),JaVale McGee (15432415),Torrey Craig (15432414),Jerami Grant (15432405),Anthony Davis (15432399),LeBron James (15432397)
Jamal Murray (15432400),JaVale McGee (15432415),Alex Caruso (15432410),Jerami Grant (15432405),Nikola Jokic (15432398),LeBron James (15432397)
Nikola Jokic (15432398),Mason Plumlee (15432416),Monte Morris (15432413),Jerami Grant (15432405),Anthony Davis (15432399),LeBron James (15432397)
Paul Millsap (15432406),JaVale McGee (15432415),Danny Green (15432408),Anthony Davis (15432399),Nikola Jokic (15432398),LeBron James (15432397)
Anthony Davis (15432399),Monte Morris (15432413),Kentavious Caldwell-Pope (15432412),Danny Green (15432408),Nikola Jokic (15432398),LeBron James (15432397)
Torrey Craig (15432414),Kentavious Caldwell-Pope (15432412),Jamal Murray (15432400),Anthony Davis (15432399),Nikola Jokic (15432398),LeBron James (15432397)
Dwight Howard (15432411),PJ Dozier (15432423),Jamal Murray (15432400),Anthony Davis (15432399),Nikola Jokic (15432398),LeBron James (15432397)
Dwight Howard (15432411),Alex Caruso (15432410),Jerami Grant (15432405),Anthony Davis (15432399),Nikola Jokic (15432398),LeBron James (15432397)
LeBron James (15432397),Mason Plumlee (15432416),JaVale McGee (15432415),Paul Millsap (15432406),Anthony Davis (15432399),Nikola Jokic (15432398)
Alex Caruso (15432410),Kentavious Caldwell-Pope (15432412),Jerami Grant (15432405),Anthony Davis (15432399),Nikola Jokic (15432398),LeBron James (15432397)
Michael Porter Jr. (15432402),JaVale McGee (15432415),Paul Millsap (15432406),Jerami Grant (15432405),Anthony Davis (15432399),LeBron James (15432397)
Torrey Craig (15432414),Paul Millsap (15432406),Jerami Grant (15432405),Anthony Davis (15432399),Nikola Jokic (15432398),LeBron James (15432397)
Markieff Morris (15432409),Kentavious Caldwell-Pope (15432412),Jerami Grant (15432405),Anthony Davis (15432399),Nikola Jokic (15432398),LeBron James (15432397)
LeBron James (15432397),JaVale McGee (15432415),Kentavious Caldwell-Pope (15432412),Paul Millsap (15432406),Jamal Murray (15432400),Anthony Davis (15432399)
Paul Millsap (15432406),JaVale McGee (15432415),Alex Caruso (15432410),Anthony Davis (15432399),Nikola Jokic (15432398),LeBron James (15432397)
LeBron James (15432397),JaVale McGee (15432415),Torrey Craig (15432414),Paul Millsap (15432406),Anthony Davis (15432399),Nikola Jokic (15432398)
Nikola Jokic (15432398),JaVale McGee (15432415),Alex Caruso (15432410),Kentavious Caldwell-Pope (15432412),Anthony Davis (15432399),LeBron James (15432397)
Markieff Morris (15432409),Kentavious Caldwell-Pope (15432412),Paul Millsap (15432406),Anthony Davis (15432399),Nikola Jokic (15432398),LeBron James (15432397)
Gary Harris (15432403),Mason Plumlee (15432416),Monte Morris (15432413),Anthony Davis (15432399),Nikola Jokic (15432398),LeBron James (15432397)
Jerami Grant (15432405),Dwight Howard (15432411),Kentavious Caldwell-Pope (15432412),Anthony Davis (15432399),Nikola Jokic (15432398),LeBron James (15432397)
Anthony Davis (15432399),JaVale McGee (15432415),Kentavious Caldwell-Pope (15432412),Danny Green (15432408),Nikola Jokic (15432398),LeBron James (15432397)
LeBron James (15432397),Monte Morris (15432413),Kentavious Caldwell-Pope (15432412),Paul Millsap (15432406),Jamal Murray (15432400),Anthony Davis (15432399)
Nikola Jokic (15432398),Mason Plumlee (15432416),Alex Caruso (15432410),Danny Green (15432408),Anthony Davis (15432399),LeBron James (15432397)
Kentavious Caldwell-Pope (15432412),Mason Plumlee (15432416),Jamal Murray (15432400),Anthony Davis (15432399),Nikola Jokic (15432398),LeBron James (15432397)
Danny Green (15432408),Mason Plumlee (15432416),Paul Millsap (15432406),Anthony Davis (15432399),Nikola Jokic (15432398),LeBron James (15432397)
LeBron James (15432397),PJ Dozier (15432423),Alex Caruso (15432410),Paul Millsap (15432406),Anthony Davis (15432399),Nikola Jokic (15432398)
Michael Porter Jr. (15432402),PJ Dozier (15432423),JaVale McGee (15432415),Anthony Davis (15432399),Nikola Jokic (15432398),LeBron James (15432397)
LeBron James (15432397),JaVale McGee (15432415),Alex Caruso (15432410),Paul Millsap (15432406),Jamal Murray (15432400),Anthony Davis (15432399)
LeBron James (15432397),Monte Morris (15432413),Kentavious Caldwell-Pope (15432412),Danny Green (15432408),Anthony Davis (15432399),Nikola Jokic (15432398)
Danny Green (15432408),Monte Morris (15432413),Paul Millsap (15432406),Anthony Davis (15432399),Nikola Jokic (15432398),LeBron James (15432397)
Anthony Davis (15432399),Mason Plumlee (15432416),Monte Morris (15432413),Paul Millsap (15432406),Nikola Jokic (15432398),LeBron James (15432397)
JaVale McGee (15432415),Paul Millsap (15432406),Gary Harris (15432403),Anthony Davis (15432399),Nikola Jokic (15432398),LeBron James (15432397)
Jerami Grant (15432405),JaVale McGee (15432415),Dwight Howard (15432411),Anthony Davis (15432399),Nikola Jokic (15432398),LeBron James (15432397)
Anthony Davis (15432399),Torrey Craig (15432414),Monte Morris (15432413),Paul Millsap (15432406),Nikola Jokic (15432398),LeBron James (15432397)
Mason Plumlee (15432416),Dwight Howard (15432411),Jamal Murray (15432400),Anthony Davis (15432399),Nikola Jokic (15432398),LeBron James (15432397)
Kentavious Caldwell-Pope (15432412),Alex Caruso (15432410),Paul Millsap (15432406),Anthony Davis (15432399),Nikola Jokic (15432398),LeBron James (15432397)
Alex Caruso (15432410),Dwight Howard (15432411),Jerami Grant (15432405),Anthony Davis (15432399),Nikola Jokic (15432398),LeBron James (15432397)
LeBron James (15432397),JaVale McGee (15432415),Kentavious Caldwell-Pope (15432412),Paul Millsap (15432406),Anthony Davis (15432399),Nikola Jokic (15432398)
JaVale McGee (15432415),Jerami Grant (15432405),Kyle Kuzma (15432404),Anthony Davis (15432399),Nikola Jokic (15432398),LeBron James (15432397)
Kyle Kuzma (15432404),JaVale McGee (15432415),Monte Morris (15432413),Anthony Davis (15432399),Nikola Jokic (15432398),LeBron James (15432397)
Anthony Davis (15432399),JaVale McGee (15432415),Alex Caruso (15432410),Kentavious Caldwell-Pope (15432412),Nikola Jokic (15432398),LeBron James (15432397)
Michael Porter Jr. (15432402),Mason Plumlee (15432416),Kentavious Caldwell-Pope (15432412),Jamal Murray (15432400),Anthony Davis (15432399),LeBron James (15432397)
Michael Porter Jr. (15432402),JaVale McGee (15432415),Kentavious Caldwell-Pope (15432412),Jamal Murray (15432400),Anthony Davis (15432399),LeBron James (15432397)
Paul Millsap (15432406),Markieff Morris (15432409),Kentavious Caldwell-Pope (15432412),Anthony Davis (15432399),Nikola Jokic (15432398),LeBron James (15432397)
Jerami Grant (15432405),Alex Caruso (15432410),Kentavious Caldwell-Pope (15432412),Anthony Davis (15432399),Nikola Jokic (15432398),LeBron James (15432397)
Anthony Davis (15432399),JaVale McGee (15432415),Dwight Howard (15432411),Paul Millsap (15432406),Nikola Jokic (15432398),LeBron James (15432397)
Nikola Jokic (15432398),JaVale McGee (15432415),Alex Caruso (15432410),Paul Millsap (15432406),Jamal Murray (15432400),LeBron James (15432397)
Jamal Murray (15432400),Monte Morris (15432413),Dwight Howard (15432411),Paul Millsap (15432406),Anthony Davis (15432399),LeBron James (15432397)
Kentavious Caldwell-Pope (15432412),JaVale McGee (15432415),Paul Millsap (15432406),Anthony Davis (15432399),Nikola Jokic (15432398),LeBron James (15432397)
LeBron James (15432397),Dwight Howard (15432411),Alex Caruso (15432410),Kentavious Caldwell-Pope (15432412),Anthony Davis (15432399),Nikola Jokic (15432398)
PJ Dozier (15432423),Danny Green (15432408),Jamal Murray (15432400),Anthony Davis (15432399),Nikola Jokic (15432398),LeBron James (15432397)
LeBron James (15432397),Monte Morris (15432413),Alex Caruso (15432410),Kentavious Caldwell-Pope (15432412),Anthony Davis (15432399),Nikola Jokic (15432398)
Jamal Murray (15432400),JaVale McGee (15432415),Kentavious Caldwell-Pope (15432412),Paul Millsap (15432406),Anthony Davis (15432399),LeBron James (15432397)
Jerami Grant (15432405),Monte Morris (15432413),Kentavious Caldwell-Pope (15432412),Anthony Davis (15432399),Nikola Jokic (15432398),LeBron James (15432397)
Monte Morris (15432413),Danny Green (15432408),Jerami Grant (15432405),Anthony Davis (15432399),Nikola Jokic (15432398),LeBron James (15432397)
Markieff Morris (15432409),Dwight Howard (15432411),Jerami Grant (15432405),Anthony Davis (15432399),Nikola Jokic (15432398),LeBron James (15432397)
Dwight Howard (15432411),Kentavious Caldwell-Pope (15432412),Paul Millsap (15432406),Anthony Davis (15432399),Nikola Jokic (15432398),LeBron James (15432397)
Mason Plumlee (15432416),Kentavious Caldwell-Pope (15432412),Jamal Murray (15432400),Anthony Davis (15432399),Nikola Jokic (15432398),LeBron James (15432397)
Jamal Murray (15432400),Monte Morris (15432413),Alex Caruso (15432410),Paul Millsap (15432406),Anthony Davis (15432399),LeBron James (15432397)
