Entry ID,Contest Name,Contest ID,Entry Fee,C,C,W,W,W,D,D,G,UTIL,,Instructions,,,,,,,,
1728914630,NHL $15K Two-Man Advantage [$3K to 1st] (Afternoon),80909102,$8,Steven Stamkos (13774379),Brayden Point (13774381),Mark Stone (13774497),James Neal (13774529),Alex Killorn (13774543),Victor Hedman (13774719),Mikhail Sergachev (13774749),Connor Hellebuyck (13774918),Pat Maroon (13774583),,1. Column A lists all of your contest entries for this draftgroup,,,,,,,,
1728914631,NHL $15K Two-Man Advantage [$3K to 1st] (Afternoon),80909102,$8,Steven Stamkos (13774379),Brayden Point (13774381),Nikita Kucherov (13774493),James Neal (13774529),Alex Tuch (13774539),Mikhail Sergachev (13774749),Oliver Ekman-Larsson (13774747),David Rittich (13774915),Pat Maroon (13774583),,2. Your current lineup is listed next to each entry (blank for reservations),,,,,,,,
1728914632,NHL $15K Two-Man Advantage [$3K to 1st] (Afternoon),80909102,$8,Steven Stamkos (13774379),Brayden Point (13774381),Nikita Kucherov (13774493),James Neal (13774529),Alex Tuch (13774539),Mikhail Sergachev (13774749),Oliver Ekman-Larsson (13774747),Ben Bishop (13774916),Pat Maroon (13774583),,3. You can change the lineup for an entry by entering the IDs of the players in the row next to that entry,,,,,,,,
1728914633,NHL $15K Two-Man Advantage [$3K to 1st] (Afternoon),80909102,$8,Steven Stamkos (13774379),Brayden Point (13774381),Nikita Kucherov (13774493),James Neal (13774529),Alex Tuch (13774539),Mikhail Sergachev (13774749),Oliver Ekman-Larsson (13774747),Mikko Koskinen (13774922),Pat Maroon (13774583),,4. Use data from the Name+ID column or the ID column; you cannot use just the player's name,,,,,,,,
1728914634,NHL $15K Two-Man Advantage [$3K to 1st] (Afternoon),80909102,$8,Steven Stamkos (13774379),Brayden Point (13774381),Nikita Kucherov (13774493),James Neal (13774529),Alex Tuch (13774539),Mikhail Sergachev (13774749),Oliver Ekman-Larsson (13774747),Jonathan Quick (13774917),Pat Maroon (13774583),,5. For faster processing only include entries you are changing in the file you upload,,,,,,,,
1728914635,NHL $15K Two-Man Advantage [$3K to 1st] (Afternoon),80909102,$8,Steven Stamkos (13774379),Brayden Point (13774381),Nikita Kucherov (13774493),James Neal (13774529),Alex Killorn (13774543),Mikhail Sergachev (13774749),Oliver Ekman-Larsson (13774747),Darcy Kuemper (13774914),Pat Maroon (13774583),,,,,,,,,,
1728914636,NHL $15K Two-Man Advantage [$3K to 1st] (Afternoon),80909102,$8,Steven Stamkos (13774379),Brayden Point (13774381),Nikita Kucherov (13774493),James Neal (13774529),Alex Tuch (13774539),Mikhail Sergachev (13774749),Ryan McDonagh (13774757),Marc-Andre Fleury (13774912),Pat Maroon (13774583),,Position,Name + ID,Name,ID,Roster Position,Salary,Game Info,TeamAbbrev,AvgPointsPerGame
1728929948,NHL $15K Two-Man Advantage [$3K to 1st] (Afternoon),80909102,$8,Steven Stamkos (13774379),Brayden Point (13774381),Nikita Kucherov (13774493),Alex Tuch (13774539),Alex Killorn (13774543),Mikhail Sergachev (13774749),Oliver Ekman-Larsson (13774747),Andrei Vasilevskiy (13774911),Pat Maroon (13774583),,G,Andrei Vasilevskiy (13774911),Andrei Vasilevskiy,13774911,G,8400,WPG@TB 11/16/2019 04:00PM ET,TB,13.54
,,,,,,,,,,,,,,G,Curtis McElhinney (13774919),Curtis McElhinney,13774919,G,8300,WPG@TB 11/16/2019 04:00PM ET,TB,17.92
,,,,,,,,,,,,,,LW,Leon Draisaitl (13774491),Leon Draisaitl,13774491,W/UTIL,8300,DAL@EDM 11/16/2019 04:00PM ET,EDM,18.87
,,,,,,,,,,,,,,C,Connor McDavid (13774377),Connor McDavid,13774377,C/UTIL,8200,DAL@EDM 11/16/2019 04:00PM ET,EDM,18.28
,,,,,,,,,,,,,,RW,Nikita Kucherov (13774493),Nikita Kucherov,13774493,W/UTIL,8100,WPG@TB 11/16/2019 04:00PM ET,TB,11.53
,,,,,,,,,,,,,,G,Marc-Andre Fleury (13774912),Marc-Andre Fleury,13774912,G,8100,VGK@LA 11/16/2019 04:00PM ET,VGK,14.37
,,,,,,,,,,,,,,G,Mike Smith (13774913),Mike Smith,13774913,G,8000,DAL@EDM 11/16/2019 04:00PM ET,EDM,14.02
,,,,,,,,,,,,,,G,Darcy Kuemper (13774914),Darcy Kuemper,13774914,G,7900,CGY@ARI 11/16/2019 04:00PM ET,ARI,16.36
,,,,,,,,,,,,,,G,Antti Raanta (13774921),Antti Raanta,13774921,G,7900,CGY@ARI 11/16/2019 04:00PM ET,ARI,15.37
,,,,,,,,,,,,,,G,Malcolm Subban (13774920),Malcolm Subban,13774920,G,7900,VGK@LA 11/16/2019 04:00PM ET,VGK,10.02
,,,,,,,,,,,,,,G,Mikko Koskinen (13774922),Mikko Koskinen,13774922,G,7800,DAL@EDM 11/16/2019 04:00PM ET,EDM,16.72
,,,,,,,,,,,,,,G,David Rittich (13774915),David Rittich,13774915,G,7600,CGY@ARI 11/16/2019 04:00PM ET,CGY,15.66
,,,,,,,,,,,,,,G,Ben Bishop (13774916),Ben Bishop,13774916,G,7500,DAL@EDM 11/16/2019 04:00PM ET,DAL,15.19
,,,,,,,,,,,,,,G,Cam Talbot (13774923),Cam Talbot,13774923,G,7400,CGY@ARI 11/16/2019 04:00PM ET,CGY,8.7
,,,,,,,,,,,,,,G,Anton Khudobin (13774924),Anton Khudobin,13774924,G,7300,DAL@EDM 11/16/2019 04:00PM ET,DAL,14.31
,,,,,,,,,,,,,,LW,Max Pacioretty (13774495),Max Pacioretty,13774495,W/UTIL,7200,VGK@LA 11/16/2019 04:00PM ET,VGK,13.18
,,,,,,,,,,,,,,C,Steven Stamkos (13774379),Steven Stamkos,13774379,C/UTIL,7100,WPG@TB 11/16/2019 04:00PM ET,TB,12.94
,,,,,,,,,,,,,,G,Jonathan Quick (13774917),Jonathan Quick,13774917,G,7100,VGK@LA 11/16/2019 04:00PM ET,LA,8.09
,,,,,,,,,,,,,,G,Connor Hellebuyck (13774918),Connor Hellebuyck,13774918,G,7000,WPG@TB 11/16/2019 04:00PM ET,WPG,17.33
,,,,,,,,,,,,,,RW,Mark Stone (13774497),Mark Stone,13774497,W/UTIL,6900,VGK@LA 11/16/2019 04:00PM ET,VGK,11.15
,,,,,,,,,,,,,,G,Jack Campbell (13774925),Jack Campbell,13774925,G,6900,VGK@LA 11/16/2019 04:00PM ET,LA,9.17
,,,,,,,,,,,,,,C,Brayden Point (13774381),Brayden Point,13774381,C/UTIL,6800,WPG@TB 11/16/2019 04:00PM ET,TB,10.23
,,,,,,,,,,,,,,G,Laurent Brossoit (13774926),Laurent Brossoit,13774926,G,6800,WPG@TB 11/16/2019 04:00PM ET,WPG,8.05
,,,,,,,,,,,,,,RW,Matthew Tkachuk (13774499),Matthew Tkachuk,13774499,W/UTIL,6700,CGY@ARI 11/16/2019 04:00PM ET,CGY,12.52
,,,,,,,,,,,,,,D,Victor Hedman (13774719),Victor Hedman,13774719,D/UTIL,6500,WPG@TB 11/16/2019 04:00PM ET,TB,11.96
,,,,,,,,,,,,,,G,Mikhail Berdin (13774932),Mikhail Berdin,13774932,G,6500,WPG@TB 11/16/2019 04:00PM ET,WPG,0
,,,,,,,,,,,,,,G,Zach Fucale (13774934),Zach Fucale,13774934,G,6500,WPG@TB 11/16/2019 04:00PM ET,TB,0
,,,,,,,,,,,,,,G,Scott Wedgewood (13774935),Scott Wedgewood,13774935,G,6500,WPG@TB 11/16/2019 04:00PM ET,TB,0
,,,,,,,,,,,,,,G,Stuart Skinner (13774936),Stuart Skinner,13774936,G,6500,DAL@EDM 11/16/2019 04:00PM ET,EDM,0
,,,,,,,,,,,,,,G,Landon Bow (13774937),Landon Bow,13774937,G,6500,DAL@EDM 11/16/2019 04:00PM ET,DAL,0
,,,,,,,,,,,,,,LW,Johnny Gaudreau (13774501),Johnny Gaudreau,13774501,W/UTIL,6500,CGY@ARI 11/16/2019 04:00PM ET,CGY,10.04
,,,,,,,,,,,,,,G,Eric Comrie (13774927),Eric Comrie,13774927,G,6500,CGY@ARI 11/16/2019 04:00PM ET,ARI,0
,,,,,,,,,,,,,,G,Adin Hill (13774928),Adin Hill,13774928,G,6500,CGY@ARI 11/16/2019 04:00PM ET,ARI,0
,,,,,,,,,,,,,,G,Jon Gillies (13774929),Jon Gillies,13774929,G,6500,CGY@ARI 11/16/2019 04:00PM ET,CGY,0
,,,,,,,,,,,,,,G,Garret Sparks (13774930),Garret Sparks,13774930,G,6500,VGK@LA 11/16/2019 04:00PM ET,VGK,1.4
,,,,,,,,,,,,,,G,Oscar Dansk (13774931),Oscar Dansk,13774931,G,6500,VGK@LA 11/16/2019 04:00PM ET,VGK,0.7
,,,,,,,,,,,,,,G,Calvin Petersen (13774933),Calvin Petersen,13774933,G,6500,VGK@LA 11/16/2019 04:00PM ET,LA,0
,,,,,,,,,,,,,,C,William Karlsson (13774383),William Karlsson,13774383,C/UTIL,6400,VGK@LA 11/16/2019 04:00PM ET,VGK,10.36
,,,,,,,,,,,,,,RW,Patrik Laine (13774503),Patrik Laine,13774503,W/UTIL,6300,WPG@TB 11/16/2019 04:00PM ET,WPG,13.02
,,,,,,,,,,,,,,D,Oscar Klefbom (13774721),Oscar Klefbom,13774721,D/UTIL,6200,DAL@EDM 11/16/2019 04:00PM ET,EDM,12.44
,,,,,,,,,,,,,,C,Sean Monahan (13774385),Sean Monahan,13774385,C/UTIL,6200,CGY@ARI 11/16/2019 04:00PM ET,CGY,9.67
,,,,,,,,,,,,,,RW,Elias Lindholm (13774505),Elias Lindholm,13774505,W/UTIL,6200,CGY@ARI 11/16/2019 04:00PM ET,CGY,10.63
,,,,,,,,,,,,,,RW,Tyler Seguin (13774507),Tyler Seguin,13774507,W/UTIL,6100,DAL@EDM 11/16/2019 04:00PM ET,DAL,10.26
,,,,,,,,,,,,,,LW,Alexander Radulov (13774509),Alexander Radulov,13774509,W/UTIL,6000,DAL@EDM 11/16/2019 04:00PM ET,DAL,9.51
,,,,,,,,,,,,,,C,Anze Kopitar (13774387),Anze Kopitar,13774387,C/UTIL,5900,VGK@LA 11/16/2019 04:00PM ET,LA,11.92
,,,,,,,,,,,,,,LW,Jonathan Marchessault (13774511),Jonathan Marchessault,13774511,W/UTIL,5900,VGK@LA 11/16/2019 04:00PM ET,VGK,9.77
,,,,,,,,,,,,,,RW,Reilly Smith (13774513),Reilly Smith,13774513,W/UTIL,5800,VGK@LA 11/16/2019 04:00PM ET,VGK,10.5
,,,,,,,,,,,,,,D,Mark Giordano (13774723),Mark Giordano,13774723,D/UTIL,5700,CGY@ARI 11/16/2019 04:00PM ET,CGY,11.42
,,,,,,,,,,,,,,C,Mark Scheifele (13774389),Mark Scheifele,13774389,C/UTIL,5600,WPG@TB 11/16/2019 04:00PM ET,WPG,10.74
,,,,,,,,,,,,,,LW,Kyle Connor (13774515),Kyle Connor,13774515,W/UTIL,5600,WPG@TB 11/16/2019 04:00PM ET,WPG,11.27
,,,,,,,,,,,,,,C,Blake Wheeler (13774391),Blake Wheeler,13774391,C/UTIL,5400,WPG@TB 11/16/2019 04:00PM ET,WPG,9.08
,,,,,,,,,,,,,,LW,Nikolaj Ehlers (13774517),Nikolaj Ehlers,13774517,W/UTIL,5400,WPG@TB 11/16/2019 04:00PM ET,WPG,11.14
,,,,,,,,,,,,,,D,Kevin Shattenkirk (13774725),Kevin Shattenkirk,13774725,D/UTIL,5400,WPG@TB 11/16/2019 04:00PM ET,TB,12.72
,,,,,,,,,,,,,,C,Ryan Nugent-Hopkins (13774393),Ryan Nugent-Hopkins,13774393,C/UTIL,5300,DAL@EDM 11/16/2019 04:00PM ET,EDM,10.16
,,,,,,,,,,,,,,RW,Phil Kessel (13774519),Phil Kessel,13774519,W/UTIL,5300,CGY@ARI 11/16/2019 04:00PM ET,ARI,7.96
,,,,,,,,,,,,,,D,Drew Doughty (13774727),Drew Doughty,13774727,D/UTIL,5300,VGK@LA 11/16/2019 04:00PM ET,LA,12.05
,,,,,,,,,,,,,,LW,Tyler Johnson (13774521),Tyler Johnson,13774521,W/UTIL,5100,WPG@TB 11/16/2019 04:00PM ET,TB,7.43
,,,,,,,,,,,,,,D,Miro Heiskanen (13774729),Miro Heiskanen,13774729,D/UTIL,5100,DAL@EDM 11/16/2019 04:00PM ET,DAL,10.06
,,,,,,,,,,,,,,D,Dustin Byfuglien (13774731),Dustin Byfuglien,13774731,D/UTIL,5000,WPG@TB 11/16/2019 04:00PM ET,WPG,0
,,,,,,,,,,,,,,RW,Dustin Brown (13774523),Dustin Brown,13774523,W/UTIL,5000,VGK@LA 11/16/2019 04:00PM ET,LA,8.28
,,,,,,,,,,,,,,D,Josh Morrissey (13774733),Josh Morrissey,13774733,D/UTIL,4900,WPG@TB 11/16/2019 04:00PM ET,WPG,9.06
,,,,,,,,,,,,,,LW,Jamie Benn (13774525),Jamie Benn,13774525,W/UTIL,4900,DAL@EDM 11/16/2019 04:00PM ET,DAL,6.49
,,,,,,,,,,,,,,C,Paul Stastny (13774395),Paul Stastny,13774395,C/UTIL,4900,VGK@LA 11/16/2019 04:00PM ET,VGK,6.66
,,,,,,,,,,,,,,LW,Ondrej Palat (13774527),Ondrej Palat,13774527,W/UTIL,4800,WPG@TB 11/16/2019 04:00PM ET,TB,8.96
,,,,,,,,,,,,,,D,Nate Schmidt (13774735),Nate Schmidt,13774735,D/UTIL,4800,VGK@LA 11/16/2019 04:00PM ET,VGK,10.81
,,,,,,,,,,,,,,LW,James Neal (13774529),James Neal,13774529,W/UTIL,4700,DAL@EDM 11/16/2019 04:00PM ET,EDM,10.1
,,,,,,,,,,,,,,C,Nick Schmaltz (13774397),Nick Schmaltz,13774397,C/UTIL,4700,CGY@ARI 11/16/2019 04:00PM ET,ARI,7.86
,,,,,,,,,,,,,,D,Shea Theodore (13774737),Shea Theodore,13774737,D/UTIL,4700,VGK@LA 11/16/2019 04:00PM ET,VGK,7.14
,,,,,,,,,,,,,,D,Jakob Chychrun (13774739),Jakob Chychrun,13774739,D/UTIL,4600,CGY@ARI 11/16/2019 04:00PM ET,ARI,8.44
,,,,,,,,,,,,,,LW,Jeff Carter (13774531),Jeff Carter,13774531,W/UTIL,4600,VGK@LA 11/16/2019 04:00PM ET,LA,9.13
,,,,,,,,,,,,,,C,Roope Hintz (13774399),Roope Hintz,13774399,C/UTIL,4500,DAL@EDM 11/16/2019 04:00PM ET,DAL,9.22
,,,,,,,,,,,,,,RW,Zack Kassian (13774533),Zack Kassian,13774533,W/UTIL,4500,DAL@EDM 11/16/2019 04:00PM ET,EDM,7.41
,,,,,,,,,,,,,,D,Esa Lindell (13774741),Esa Lindell,13774741,D/UTIL,4500,DAL@EDM 11/16/2019 04:00PM ET,DAL,6.83
,,,,,,,,,,,,,,D,John Klingberg (13774743),John Klingberg,13774743,D/UTIL,4500,DAL@EDM 11/16/2019 04:00PM ET,DAL,6.64
,,,,,,,,,,,,,,D,Darnell Nurse (13774745),Darnell Nurse,13774745,D/UTIL,4400,DAL@EDM 11/16/2019 04:00PM ET,EDM,8.38
,,,,,,,,,,,,,,LW,Clayton Keller (13774535),Clayton Keller,13774535,W/UTIL,4400,CGY@ARI 11/16/2019 04:00PM ET,ARI,8.58
,,,,,,,,,,,,,,D,Mikhail Sergachev (13774749),Mikhail Sergachev,13774749,D/UTIL,4300,WPG@TB 11/16/2019 04:00PM ET,TB,7.99
,,,,,,,,,,,,,,C,Joe Pavelski (13774401),Joe Pavelski,13774401,C/UTIL,4300,DAL@EDM 11/16/2019 04:00PM ET,DAL,8.02
,,,,,,,,,,,,,,RW,Conor Garland (13774537),Conor Garland,13774537,W/UTIL,4300,CGY@ARI 11/16/2019 04:00PM ET,ARI,9.26
,,,,,,,,,,,,,,D,Oliver Ekman-Larsson (13774747),Oliver Ekman-Larsson,13774747,D/UTIL,4300,CGY@ARI 11/16/2019 04:00PM ET,ARI,8.06
,,,,,,,,,,,,,,D,Neal Pionk (13774751),Neal Pionk,13774751,D/UTIL,4200,WPG@TB 11/16/2019 04:00PM ET,WPG,7.84
,,,,,,,,,,,,,,RW,Alex Tuch (13774539),Alex Tuch,13774539,W/UTIL,4200,VGK@LA 11/16/2019 04:00PM ET,VGK,8
,,,,,,,,,,,,,,C,Derek Stepan (13774403),Derek Stepan,13774403,C/UTIL,4100,CGY@ARI 11/16/2019 04:00PM ET,ARI,5.7
,,,,,,,,,,,,,,D,Alex Goligoski (13774753),Alex Goligoski,13774753,D/UTIL,4100,CGY@ARI 11/16/2019 04:00PM ET,ARI,8.46
,,,,,,,,,,,,,,RW,Tyler Toffoli (13774541),Tyler Toffoli,13774541,W/UTIL,4100,VGK@LA 11/16/2019 04:00PM ET,LA,7.53
,,,,,,,,,,,,,,LW,Alex Killorn (13774543),Alex Killorn,13774543,W/UTIL,4000,WPG@TB 11/16/2019 04:00PM ET,TB,8.04
,,,,,,,,,,,,,,D,Alec Martinez (13774755),Alec Martinez,13774755,D/UTIL,4000,VGK@LA 11/16/2019 04:00PM ET,LA,7.93
,,,,,,,,,,,,,,C,Bryan Little (13774405),Bryan Little,13774405,C/UTIL,3900,WPG@TB 11/16/2019 04:00PM ET,WPG,8.34
,,,,,,,,,,,,,,D,Ryan McDonagh (13774757),Ryan McDonagh,13774757,D/UTIL,3900,WPG@TB 11/16/2019 04:00PM ET,TB,7.12
,,,,,,,,,,,,,,RW,Denis Gurianov (13774545),Denis Gurianov,13774545,W/UTIL,3900,DAL@EDM 11/16/2019 04:00PM ET,DAL,7.48
,,,,,,,,,,,,,,D,Adam Larsson (13774759),Adam Larsson,13774759,D/UTIL,3800,DAL@EDM 11/16/2019 04:00PM ET,EDM,9.7
,,,,,,,,,,,,,,C,Mikael Backlund (13774407),Mikael Backlund,13774407,C/UTIL,3800,CGY@ARI 11/16/2019 04:00PM ET,CGY,6.08
,,,,,,,,,,,,,,LW,Alex Iafallo (13774547),Alex Iafallo,13774547,W/UTIL,3800,VGK@LA 11/16/2019 04:00PM ET,LA,7.16
,,,,,,,,,,,,,,C,Anthony Cirelli (13774409),Anthony Cirelli,13774409,C/UTIL,3700,WPG@TB 11/16/2019 04:00PM ET,TB,5.73
,,,,,,,,,,,,,,D,Ethan Bear (13774761),Ethan Bear,13774761,D/UTIL,3700,DAL@EDM 11/16/2019 04:00PM ET,EDM,6
,,,,,,,,,,,,,,LW,Christian Dvorak (13774549),Christian Dvorak,13774549,W/UTIL,3700,CGY@ARI 11/16/2019 04:00PM ET,ARI,7.22
,,,,,,,,,,,,,,RW,Yanni Gourde (13774551),Yanni Gourde,13774551,W/UTIL,3600,WPG@TB 11/16/2019 04:00PM ET,TB,8.39
,,,,,,,,,,,,,,D,Travis Hamonic (13774763),Travis Hamonic,13774763,D/UTIL,3600,CGY@ARI 11/16/2019 04:00PM ET,CGY,6.6
,,,,,,,,,,,,,,RW,Jack Roslovic (13774553),Jack Roslovic,13774553,W/UTIL,3500,WPG@TB 11/16/2019 04:00PM ET,WPG,5.17
,,,,,,,,,,,,,,C,Carl Soderberg (13774411),Carl Soderberg,13774411,C/UTIL,3500,CGY@ARI 11/16/2019 04:00PM ET,ARI,6.2
,,,,,,,,,,,,,,D,Noah Hanifin (13774765),Noah Hanifin,13774765,D/UTIL,3500,CGY@ARI 11/16/2019 04:00PM ET,CGY,7.57
,,,,,,,,,,,,,,RW,Mathieu Joseph (13774555),Mathieu Joseph,13774555,W/UTIL,3400,WPG@TB 11/16/2019 04:00PM ET,TB,5.12
,,,,,,,,,,,,,,C,Radek Faksa (13774413),Radek Faksa,13774413,C/UTIL,3400,DAL@EDM 11/16/2019 04:00PM ET,DAL,6.62
,,,,,,,,,,,,,,D,Sean Walker (13774767),Sean Walker,13774767,D/UTIL,3400,VGK@LA 11/16/2019 04:00PM ET,LA,8.02
,,,,,,,,,,,,,,C,Jason Dickinson (13774415),Jason Dickinson,13774415,C/UTIL,3300,DAL@EDM 11/16/2019 04:00PM ET,DAL,3.88
,,,,,,,,,,,,,,RW,Corey Perry (13774557),Corey Perry,13774557,W/UTIL,3300,DAL@EDM 11/16/2019 04:00PM ET,DAL,5.07
,,,,,,,,,,,,,,D,T.J. Brodie (13774769),T.J. Brodie,13774769,D/UTIL,3300,CGY@ARI 11/16/2019 04:00PM ET,CGY,5.56
,,,,,,,,,,,,,,C,Justin Dowling (13774417),Justin Dowling,13774417,C/UTIL,3200,DAL@EDM 11/16/2019 04:00PM ET,DAL,3.63
,,,,,,,,,,,,,,RW,Vinnie Hinostroza (13774559),Vinnie Hinostroza,13774559,W/UTIL,3200,CGY@ARI 11/16/2019 04:00PM ET,ARI,4.68
,,,,,,,,,,,,,,D,Jordan Oesterle (13774771),Jordan Oesterle,13774771,D/UTIL,3200,CGY@ARI 11/16/2019 04:00PM ET,ARI,5.63
,,,,,,,,,,,,,,D,Erik Cernak (13774773),Erik Cernak,13774773,D/UTIL,3100,WPG@TB 11/16/2019 04:00PM ET,TB,6.72
,,,,,,,,,,,,,,C,Derek Ryan (13774419),Derek Ryan,13774419,C/UTIL,3100,CGY@ARI 11/16/2019 04:00PM ET,CGY,5.31
,,,,,,,,,,,,,,LW,Ilya Kovalchuk (13774561),Ilya Kovalchuk,13774561,W/UTIL,3100,VGK@LA 11/16/2019 04:00PM ET,LA,7.39
,,,,,,,,,,,,,,RW,Alex Chiasson (13774565),Alex Chiasson,13774565,W/UTIL,3000,DAL@EDM 11/16/2019 04:00PM ET,EDM,4.51
,,,,,,,,,,,,,,D,Andrej Sekera (13774777),Andrej Sekera,13774777,D/UTIL,3000,DAL@EDM 11/16/2019 04:00PM ET,DAL,5.4
,,,,,,,,,,,,,,LW,Andrew Mangiapane (13774563),Andrew Mangiapane,13774563,W/UTIL,3000,CGY@ARI 11/16/2019 04:00PM ET,CGY,4.64
,,,,,,,,,,,,,,D,Rasmus Andersson (13774775),Rasmus Andersson,13774775,D/UTIL,3000,CGY@ARI 11/16/2019 04:00PM ET,CGY,6.26
,,,,,,,,,,,,,,C,Cody Eakin (13774421),Cody Eakin,13774421,C/UTIL,3000,VGK@LA 11/16/2019 04:00PM ET,VGK,3.18
,,,,,,,,,,,,,,LW,Andrew Copp (13774567),Andrew Copp,13774567,W/UTIL,2900,WPG@TB 11/16/2019 04:00PM ET,WPG,5.94
,,,,,,,,,,,,,,LW,Barrett Hayton (13774571),Barrett Hayton,13774571,W/UTIL,2900,CGY@ARI 11/16/2019 04:00PM ET,ARI,4.78
,,,,,,,,,,,,,,D,Jason Demers (13774779),Jason Demers,13774779,D/UTIL,2900,CGY@ARI 11/16/2019 04:00PM ET,ARI,4.92
,,,,,,,,,,,,,,D,Niklas Hjalmarsson (13774783),Niklas Hjalmarsson,13774783,D/UTIL,2900,CGY@ARI 11/16/2019 04:00PM ET,ARI,4.92
,,,,,,,,,,,,,,C,Michael Amadio (13774423),Michael Amadio,13774423,C/UTIL,2900,VGK@LA 11/16/2019 04:00PM ET,LA,5.98
,,,,,,,,,,,,,,LW,Cody Glass (13774569),Cody Glass,13774569,W/UTIL,2900,VGK@LA 11/16/2019 04:00PM ET,VGK,4.88
,,,,,,,,,,,,,,D,Nick Holden (13774781),Nick Holden,13774781,D/UTIL,2900,VGK@LA 11/16/2019 04:00PM ET,VGK,6.62
,,,,,,,,,,,,,,C,Cedric Paquette (13774425),Cedric Paquette,13774425,C/UTIL,2800,WPG@TB 11/16/2019 04:00PM ET,TB,6.79
,,,,,,,,,,,,,,D,Dmitry Kulikov (13774789),Dmitry Kulikov,13774789,D/UTIL,2800,WPG@TB 11/16/2019 04:00PM ET,WPG,5.21
,,,,,,,,,,,,,,RW,Blake Comeau (13774575),Blake Comeau,13774575,W/UTIL,2800,DAL@EDM 11/16/2019 04:00PM ET,DAL,3.92
,,,,,,,,,,,,,,D,Taylor Fedun (13774787),Taylor Fedun,13774787,D/UTIL,2800,DAL@EDM 11/16/2019 04:00PM ET,DAL,5.12
,,,,,,,,,,,,,,LW,Michael Grabner (13774573),Michael Grabner,13774573,W/UTIL,2800,CGY@ARI 11/16/2019 04:00PM ET,ARI,5.74
,,,,,,,,,,,,,,RW,Austin Czarnik (13774577),Austin Czarnik,13774577,W/UTIL,2800,CGY@ARI 11/16/2019 04:00PM ET,CGY,4.76
,,,,,,,,,,,,,,D,Ben Hutton (13774785),Ben Hutton,13774785,D/UTIL,2800,VGK@LA 11/16/2019 04:00PM ET,LA,6.2
,,,,,,,,,,,,,,D,Matt Roy (13774791),Matt Roy,13774791,D/UTIL,2800,VGK@LA 11/16/2019 04:00PM ET,LA,7.01
,,,,,,,,,,,,,,C,Adam Lowry (13774427),Adam Lowry,13774427,C/UTIL,2700,WPG@TB 11/16/2019 04:00PM ET,WPG,4.05
,,,,,,,,,,,,,,RW,Mathieu Perreault (13774579),Mathieu Perreault,13774579,W/UTIL,2700,WPG@TB 11/16/2019 04:00PM ET,WPG,5.46
,,,,,,,,,,,,,,LW,Pat Maroon (13774583),Pat Maroon,13774583,W/UTIL,2700,WPG@TB 11/16/2019 04:00PM ET,TB,6.79
,,,,,,,,,,,,,,RW,Alexander Volkov (13774585),Alexander Volkov,13774585,W/UTIL,2700,WPG@TB 11/16/2019 04:00PM ET,TB,1.45
,,,,,,,,,,,,,,D,Kris Russell (13774795),Kris Russell,13774795,D/UTIL,2700,DAL@EDM 11/16/2019 04:00PM ET,EDM,5.53
,,,,,,,,,,,,,,LW,Sam Bennett (13774581),Sam Bennett,13774581,W/UTIL,2700,CGY@ARI 11/16/2019 04:00PM ET,CGY,4.88
,,,,,,,,,,,,,,D,Michael Stone (13774797),Michael Stone,13774797,D/UTIL,2700,CGY@ARI 11/16/2019 04:00PM ET,CGY,5.77
,,,,,,,,,,,,,,C,Tomas Nosek (13774429),Tomas Nosek,13774429,C/UTIL,2700,VGK@LA 11/16/2019 04:00PM ET,VGK,5.58
,,,,,,,,,,,,,,D,Brayden McNabb (13774793),Brayden McNabb,13774793,D/UTIL,2700,VGK@LA 11/16/2019 04:00PM ET,VGK,5.16
,,,,,,,,,,,,,,RW,Carter Verhaeghe (13774587),Carter Verhaeghe,13774587,W/UTIL,2600,WPG@TB 11/16/2019 04:00PM ET,TB,2.23
,,,,,,,,,,,,,,D,Tucker Poolman (13774799),Tucker Poolman,13774799,D/UTIL,2600,WPG@TB 11/16/2019 04:00PM ET,WPG,4.58
,,,,,,,,,,,,,,C,Sam Gagner (13774435),Sam Gagner,13774435,C/UTIL,2600,DAL@EDM 11/16/2019 04:00PM ET,EDM,5.61
,,,,,,,,,,,,,,LW,Nick Caamano (13774589),Nick Caamano,13774589,W/UTIL,2600,DAL@EDM 11/16/2019 04:00PM ET,DAL,2.74
,,,,,,,,,,,,,,LW,Mattias Janmark (13774607),Mattias Janmark,13774607,W/UTIL,2600,DAL@EDM 11/16/2019 04:00PM ET,DAL,4.39
,,,,,,,,,,,,,,D,Jamie Oleksiak (13774801),Jamie Oleksiak,13774801,D/UTIL,2600,DAL@EDM 11/16/2019 04:00PM ET,DAL,3.9
,,,,,,,,,,,,,,D,Roman Polak (13774803),Roman Polak,13774803,D/UTIL,2600,DAL@EDM 11/16/2019 04:00PM ET,DAL,6.7
,,,,,,,,,,,,,,C,Brad Richardson (13774431),Brad Richardson,13774431,C/UTIL,2600,CGY@ARI 11/16/2019 04:00PM ET,ARI,3.65
,,,,,,,,,,,,,,C,Mark Jankowski (13774433),Mark Jankowski,13774433,C/UTIL,2600,CGY@ARI 11/16/2019 04:00PM ET,CGY,1.4
,,,,,,,,,,,,,,RW,Michael Frolik (13774591),Michael Frolik,13774591,W/UTIL,2600,CGY@ARI 11/16/2019 04:00PM ET,CGY,2.83
,,,,,,,,,,,,,,LW,Lawson Crouse (13774593),Lawson Crouse,13774593,W/UTIL,2600,CGY@ARI 11/16/2019 04:00PM ET,ARI,4.45
,,,,,,,,,,,,,,RW,Tobias Rieder (13774599),Tobias Rieder,13774599,W/UTIL,2600,CGY@ARI 11/16/2019 04:00PM ET,CGY,3.26
,,,,,,,,,,,,,,RW,Christian Fischer (13774601),Christian Fischer,13774601,W/UTIL,2600,CGY@ARI 11/16/2019 04:00PM ET,ARI,3.8
,,,,,,,,,,,,,,LW,Adrian Kempe (13774595),Adrian Kempe,13774595,W/UTIL,2600,VGK@LA 11/16/2019 04:00PM ET,LA,5.16
,,,,,,,,,,,,,,RW,Austin Wagner (13774597),Austin Wagner,13774597,W/UTIL,2600,VGK@LA 11/16/2019 04:00PM ET,LA,4.96
,,,,,,,,,,,,,,LW,Brandon Pirri (13774603),Brandon Pirri,13774603,W/UTIL,2600,VGK@LA 11/16/2019 04:00PM ET,VGK,3.42
,,,,,,,,,,,,,,LW,Carl Grundstrom (13774605),Carl Grundstrom,13774605,W/UTIL,2600,VGK@LA 11/16/2019 04:00PM ET,LA,4.72
,,,,,,,,,,,,,,D,Deryk Engelland (13774805),Deryk Engelland,13774805,D/UTIL,2600,VGK@LA 11/16/2019 04:00PM ET,VGK,6.39
,,,,,,,,,,,,,,C,David Gustafsson (13774447),David Gustafsson,13774447,C/UTIL,2500,WPG@TB 11/16/2019 04:00PM ET,WPG,0.75
,,,,,,,,,,,,,,C,Gabriel Bourque (13774449),Gabriel Bourque,13774449,C/UTIL,2500,WPG@TB 11/16/2019 04:00PM ET,WPG,3.89
,,,,,,,,,,,,,,C,Mark Letestu (13774453),Mark Letestu,13774453,C/UTIL,2500,WPG@TB 11/16/2019 04:00PM ET,WPG,2
,,,,,,,,,,,,,,C,Seth Griffith (13774459),Seth Griffith,13774459,C/UTIL,2500,WPG@TB 11/16/2019 04:00PM ET,WPG,0
,,,,,,,,,,,,,,C,Alex Barre-Boulet (13774477),Alex Barre-Boulet,13774477,C/UTIL,2500,WPG@TB 11/16/2019 04:00PM ET,TB,0
,,,,,,,,,,,,,,LW,Joona Luoto (13774617),Joona Luoto,13774617,W/UTIL,2500,WPG@TB 11/16/2019 04:00PM ET,WPG,1.35
,,,,,,,,,,,,,,RW,Logan Shaw (13774619),Logan Shaw,13774619,W/UTIL,2500,WPG@TB 11/16/2019 04:00PM ET,WPG,1.62
,,,,,,,,,,,,,,RW,Michael Spacek (13774635),Michael Spacek,13774635,W/UTIL,2500,WPG@TB 11/16/2019 04:00PM ET,WPG,0
,,,,,,,,,,,,,,RW,Mason Appleton (13774643),Mason Appleton,13774643,W/UTIL,2500,WPG@TB 11/16/2019 04:00PM ET,WPG,2.08
,,,,,,,,,,,,,,LW,Danick Martel (13774661),Danick Martel,13774661,W/UTIL,2500,WPG@TB 11/16/2019 04:00PM ET,TB,0
,,,,,,,,,,,,,,LW,Nolan Foote (13774663),Nolan Foote,13774663,W/UTIL,2500,WPG@TB 11/16/2019 04:00PM ET,TB,0
,,,,,,,,,,,,,,RW,Cory Conacher (13774669),Cory Conacher,13774669,W/UTIL,2500,WPG@TB 11/16/2019 04:00PM ET,TB,0
,,,,,,,,,,,,,,RW,Luke Witkowski (13774671),Luke Witkowski,13774671,W/UTIL,2500,WPG@TB 11/16/2019 04:00PM ET,TB,3.12
,,,,,,,,,,,,,,LW,Kristian Vesalainen (13774675),Kristian Vesalainen,13774675,W/UTIL,2500,WPG@TB 11/16/2019 04:00PM ET,WPG,0
,,,,,,,,,,,,,,RW,Taylor Raddysh (13774689),Taylor Raddysh,13774689,W/UTIL,2500,WPG@TB 11/16/2019 04:00PM ET,TB,0
,,,,,,,,,,,,,,LW,Dennis Yan (13774691),Dennis Yan,13774691,W/UTIL,2500,WPG@TB 11/16/2019 04:00PM ET,TB,0
,,,,,,,,,,,,,,RW,JC Lipon (13774707),JC Lipon,13774707,W/UTIL,2500,WPG@TB 11/16/2019 04:00PM ET,WPG,0
,,,,,,,,,,,,,,LW,C.J. Suess (13774709),C.J. Suess,13774709,W/UTIL,2500,WPG@TB 11/16/2019 04:00PM ET,WPG,0
,,,,,,,,,,,,,,D,Luke Schenn (13774811),Luke Schenn,13774811,D/UTIL,2500,WPG@TB 11/16/2019 04:00PM ET,TB,5.68
,,,,,,,,,,,,,,D,Nathan Beaulieu (13774819),Nathan Beaulieu,13774819,D/UTIL,2500,WPG@TB 11/16/2019 04:00PM ET,WPG,0.86
,,,,,,,,,,,,,,D,Luca Sbisa (13774823),Luca Sbisa,13774823,D/UTIL,2500,WPG@TB 11/16/2019 04:00PM ET,WPG,3.45
,,,,,,,,,,,,,,D,Jan Rutta (13774829),Jan Rutta,13774829,D/UTIL,2500,WPG@TB 11/16/2019 04:00PM ET,TB,4.47
,,,,,,,,,,,,,,D,Braydon Coburn (13774831),Braydon Coburn,13774831,D/UTIL,2500,WPG@TB 11/16/2019 04:00PM ET,TB,4.06
,,,,,,,,,,,,,,D,Anthony Bitetto (13774835),Anthony Bitetto,13774835,D/UTIL,2500,WPG@TB 11/16/2019 04:00PM ET,WPG,4.32
,,,,,,,,,,,,,,D,Carl Dahlstrom (13774843),Carl Dahlstrom,13774843,D/UTIL,2500,WPG@TB 11/16/2019 04:00PM ET,WPG,2.22
,,,,,,,,,,,,,,D,Cameron Schilling (13774859),Cameron Schilling,13774859,D/UTIL,2500,WPG@TB 11/16/2019 04:00PM ET,WPG,0
,,,,,,,,,,,,,,D,Sami Niku (13774865),Sami Niku,13774865,D/UTIL,2500,WPG@TB 11/16/2019 04:00PM ET,WPG,8.4
,,,,,,,,,,,,,,D,Callan Foote (13774869),Callan Foote,13774869,D/UTIL,2500,WPG@TB 11/16/2019 04:00PM ET,TB,0
,,,,,,,,,,,,,,D,Ville Heinola (13774875),Ville Heinola,13774875,D/UTIL,2500,WPG@TB 11/16/2019 04:00PM ET,WPG,7
,,,,,,,,,,,,,,D,Daniel Walcott (13774883),Daniel Walcott,13774883,D/UTIL,2500,WPG@TB 11/16/2019 04:00PM ET,TB,0
,,,,,,,,,,,,,,D,Nelson Nogier (13774901),Nelson Nogier,13774901,D/UTIL,2500,WPG@TB 11/16/2019 04:00PM ET,WPG,0
,,,,,,,,,,,,,,D,Cameron Gaunce (13774909),Cameron Gaunce,13774909,D/UTIL,2500,WPG@TB 11/16/2019 04:00PM ET,TB,0
,,,,,,,,,,,,,,C,Gaetan Haas (13774439),Gaetan Haas,13774439,C/UTIL,2500,DAL@EDM 11/16/2019 04:00PM ET,EDM,3.43
,,,,,,,,,,,,,,C,Riley Sheahan (13774445),Riley Sheahan,13774445,C/UTIL,2500,DAL@EDM 11/16/2019 04:00PM ET,EDM,1.72
,,,,,,,,,,,,,,C,Martin Hanzal (13774451),Martin Hanzal,13774451,C/UTIL,2500,DAL@EDM 11/16/2019 04:00PM ET,DAL,0
,,,,,,,,,,,,,,C,Kyle Brodziak (13774455),Kyle Brodziak,13774455,C/UTIL,2500,DAL@EDM 11/16/2019 04:00PM ET,EDM,0
,,,,,,,,,,,,,,C,Bogdan Yakimov (13774461),Bogdan Yakimov,13774461,C/UTIL,2500,DAL@EDM 11/16/2019 04:00PM ET,EDM,0
,,,,,,,,,,,,,,C,Tanner Kero (13774469),Tanner Kero,13774469,C/UTIL,2500,DAL@EDM 11/16/2019 04:00PM ET,DAL,0
,,,,,,,,,,,,,,C,Cooper Marody (13774471),Cooper Marody,13774471,C/UTIL,2500,DAL@EDM 11/16/2019 04:00PM ET,EDM,0
,,,,,,,,,,,,,,C,Ty Dellandrea (13774475),Ty Dellandrea,13774475,C/UTIL,2500,DAL@EDM 11/16/2019 04:00PM ET,DAL,0
,,,,,,,,,,,,,,C,Colby Cave (13774485),Colby Cave,13774485,C/UTIL,2500,DAL@EDM 11/16/2019 04:00PM ET,EDM,2.3
,,,,,,,,,,,,,,C,Joel L'Esperance (13774489),Joel L'Esperance,13774489,C/UTIL,2500,DAL@EDM 11/16/2019 04:00PM ET,DAL,4.27
,,,,,,,,,,,,,,RW,Josh Archibald (13774609),Josh Archibald,13774609,W/UTIL,2500,DAL@EDM 11/16/2019 04:00PM ET,EDM,2.04
,,,,,,,,,,,,,,LW,Joakim Nygard (13774611),Joakim Nygard,13774611,W/UTIL,2500,DAL@EDM 11/16/2019 04:00PM ET,EDM,4.24
,,,,,,,,,,,,,,LW,Rhett Gardner (13774613),Rhett Gardner,13774613,W/UTIL,2500,DAL@EDM 11/16/2019 04:00PM ET,DAL,1.82
,,,,,,,,,,,,,,LW,Jujhar Khaira (13774615),Jujhar Khaira,13774615,W/UTIL,2500,DAL@EDM 11/16/2019 04:00PM ET,EDM,2.34
,,,,,,,,,,,,,,RW,Patrick Russell (13774625),Patrick Russell,13774625,W/UTIL,2500,DAL@EDM 11/16/2019 04:00PM ET,EDM,4.22
,,,,,,,,,,,,,,LW,Andrew Cogliano (13774633),Andrew Cogliano,13774633,W/UTIL,2500,DAL@EDM 11/16/2019 04:00PM ET,DAL,2.37
,,,,,,,,,,,,,,LW,Markus Granlund (13774637),Markus Granlund,13774637,W/UTIL,2500,DAL@EDM 11/16/2019 04:00PM ET,EDM,2.42
,,,,,,,,,,,,,,RW,Kailer Yamamoto (13774649),Kailer Yamamoto,13774649,W/UTIL,2500,DAL@EDM 11/16/2019 04:00PM ET,EDM,0
,,,,,,,,,,,,,,LW,Joseph Gambardella (13774659),Joseph Gambardella,13774659,W/UTIL,2500,DAL@EDM 11/16/2019 04:00PM ET,EDM,0
,,,,,,,,,,,,,,LW,Brad Malone (13774677),Brad Malone,13774677,W/UTIL,2500,DAL@EDM 11/16/2019 04:00PM ET,EDM,0
,,,,,,,,,,,,,,RW,Josh Currie (13774679),Josh Currie,13774679,W/UTIL,2500,DAL@EDM 11/16/2019 04:00PM ET,EDM,0
,,,,,,,,,,,,,,LW,Michael Mersch (13774697),Michael Mersch,13774697,W/UTIL,2500,DAL@EDM 11/16/2019 04:00PM ET,DAL,0
,,,,,,,,,,,,,,LW,Jason Robertson (13774699),Jason Robertson,13774699,W/UTIL,2500,DAL@EDM 11/16/2019 04:00PM ET,DAL,0
,,,,,,,,,,,,,,LW,Nolan Vesey (13774701),Nolan Vesey,13774701,W/UTIL,2500,DAL@EDM 11/16/2019 04:00PM ET,EDM,0
,,,,,,,,,,,,,,LW,Tyler Benson (13774703),Tyler Benson,13774703,W/UTIL,2500,DAL@EDM 11/16/2019 04:00PM ET,EDM,0
,,,,,,,,,,,,,,LW,Tomas Jurco (13774705),Tomas Jurco,13774705,W/UTIL,2500,DAL@EDM 11/16/2019 04:00PM ET,EDM,2.03
,,,,,,,,,,,,,,D,Caleb Jones (13774809),Caleb Jones,13774809,D/UTIL,2500,DAL@EDM 11/16/2019 04:00PM ET,EDM,1.3
,,,,,,,,,,,,,,D,Matt Benning (13774817),Matt Benning,13774817,D/UTIL,2500,DAL@EDM 11/16/2019 04:00PM ET,EDM,3.8
,,,,,,,,,,,,,,D,Joel Persson (13774837),Joel Persson,13774837,D/UTIL,2500,DAL@EDM 11/16/2019 04:00PM ET,EDM,4.27
,,,,,,,,,,,,,,D,Joel Hanley (13774845),Joel Hanley,13774845,D/UTIL,2500,DAL@EDM 11/16/2019 04:00PM ET,DAL,3.68
,,,,,,,,,,,,,,D,Stephen Johns (13774847),Stephen Johns,13774847,D/UTIL,2500,DAL@EDM 11/16/2019 04:00PM ET,DAL,0
,,,,,,,,,,,,,,D,Brandon Manning (13774849),Brandon Manning,13774849,D/UTIL,2500,DAL@EDM 11/16/2019 04:00PM ET,EDM,3.14
,,,,,,,,,,,,,,D,Julius Honka (13774861),Julius Honka,13774861,D/UTIL,2500,DAL@EDM 11/16/2019 04:00PM ET,DAL,0
,,,,,,,,,,,,,,D,Evan Bouchard (13774873),Evan Bouchard,13774873,D/UTIL,2500,DAL@EDM 11/16/2019 04:00PM ET,EDM,0
,,,,,,,,,,,,,,D,Dillon Heatherington (13774877),Dillon Heatherington,13774877,D/UTIL,2500,DAL@EDM 11/16/2019 04:00PM ET,DAL,0
,,,,,,,,,,,,,,D,Keegan Lowe (13774885),Keegan Lowe,13774885,D/UTIL,2500,DAL@EDM 11/16/2019 04:00PM ET,EDM,0
,,,,,,,,,,,,,,D,Philip Broberg (13774887),Philip Broberg,13774887,D/UTIL,2500,DAL@EDM 11/16/2019 04:00PM ET,EDM,0
,,,,,,,,,,,,,,D,William Lagesson (13774889),William Lagesson,13774889,D/UTIL,2500,DAL@EDM 11/16/2019 04:00PM ET,EDM,0
,,,,,,,,,,,,,,D,Thomas Harley (13774891),Thomas Harley,13774891,D/UTIL,2500,DAL@EDM 11/16/2019 04:00PM ET,DAL,0
,,,,,,,,,,,,,,D,Ben Gleason (13774893),Ben Gleason,13774893,D/UTIL,2500,DAL@EDM 11/16/2019 04:00PM ET,DAL,0
,,,,,,,,,,,,,,D,Gavin Bayreuther (13774903),Gavin Bayreuther,13774903,D/UTIL,2500,DAL@EDM 11/16/2019 04:00PM ET,DAL,0
,,,,,,,,,,,,,,C,Andy Miele (13774457),Andy Miele,13774457,C/UTIL,2500,CGY@ARI 11/16/2019 04:00PM ET,ARI,0
,,,,,,,,,,,,,,C,Michael Chaput (13774467),Michael Chaput,13774467,C/UTIL,2500,CGY@ARI 11/16/2019 04:00PM ET,ARI,0
,,,,,,,,,,,,,,C,Matthew Phillips (13774481),Matthew Phillips,13774481,C/UTIL,2500,CGY@ARI 11/16/2019 04:00PM ET,CGY,0
,,,,,,,,,,,,,,C,Byron Froese (13774487),Byron Froese,13774487,C/UTIL,2500,CGY@ARI 11/16/2019 04:00PM ET,CGY,0
,,,,,,,,,,,,,,LW,Milan Lucic (13774621),Milan Lucic,13774621,W/UTIL,2500,CGY@ARI 11/16/2019 04:00PM ET,CGY,3.03
,,,,,,,,,,,,,,LW,Alan Quine (13774639),Alan Quine,13774639,W/UTIL,2500,CGY@ARI 11/16/2019 04:00PM ET,CGY,3.23
,,,,,,,,,,,,,,RW,Nick Merkley (13774651),Nick Merkley,13774651,W/UTIL,2500,CGY@ARI 11/16/2019 04:00PM ET,ARI,0
,,,,,,,,,,,,,,RW,Hudson Fasching (13774653),Hudson Fasching,13774653,W/UTIL,2500,CGY@ARI 11/16/2019 04:00PM ET,ARI,0
,,,,,,,,,,,,,,LW,Michael Bunting (13774655),Michael Bunting,13774655,W/UTIL,2500,CGY@ARI 11/16/2019 04:00PM ET,ARI,0
,,,,,,,,,,,,,,RW,Beau Bennett (13774657),Beau Bennett,13774657,W/UTIL,2500,CGY@ARI 11/16/2019 04:00PM ET,ARI,0
,,,,,,,,,,,,,,RW,Spencer Foo (13774665),Spencer Foo,13774665,W/UTIL,2500,CGY@ARI 11/16/2019 04:00PM ET,CGY,0
,,,,,,,,,,,,,,LW,Ryan Lomberg (13774683),Ryan Lomberg,13774683,W/UTIL,2500,CGY@ARI 11/16/2019 04:00PM ET,CGY,0
,,,,,,,,,,,,,,LW,Giovanni Fiore (13774685),Giovanni Fiore,13774685,W/UTIL,2500,CGY@ARI 11/16/2019 04:00PM ET,ARI,0
,,,,,,,,,,,,,,LW,Brayden Burke (13774687),Brayden Burke,13774687,W/UTIL,2500,CGY@ARI 11/16/2019 04:00PM ET,ARI,0
,,,,,,,,,,,,,,LW,Dillon Dube (13774693),Dillon Dube,13774693,W/UTIL,2500,CGY@ARI 11/16/2019 04:00PM ET,CGY,0
,,,,,,,,,,,,,,LW,Tyler Steenbergen (13774711),Tyler Steenbergen,13774711,W/UTIL,2500,CGY@ARI 11/16/2019 04:00PM ET,ARI,0
,,,,,,,,,,,,,,RW,Jan Jenik (13774713),Jan Jenik,13774713,W/UTIL,2500,CGY@ARI 11/16/2019 04:00PM ET,ARI,0
,,,,,,,,,,,,,,LW,Justin Kirkland (13774715),Justin Kirkland,13774715,W/UTIL,2500,CGY@ARI 11/16/2019 04:00PM ET,CGY,0
,,,,,,,,,,,,,,LW,Jakob Pelletier (13774717),Jakob Pelletier,13774717,W/UTIL,2500,CGY@ARI 11/16/2019 04:00PM ET,CGY,0
,,,,,,,,,,,,,,D,Brandon Davidson (13774821),Brandon Davidson,13774821,D/UTIL,2500,CGY@ARI 11/16/2019 04:00PM ET,CGY,0
,,,,,,,,,,,,,,D,Aaron Ness (13774825),Aaron Ness,13774825,D/UTIL,2500,CGY@ARI 11/16/2019 04:00PM ET,ARI,2.28
,,,,,,,,,,,,,,D,Ilya Lyubushkin (13774839),Ilya Lyubushkin,13774839,D/UTIL,2500,CGY@ARI 11/16/2019 04:00PM ET,ARI,3.32
,,,,,,,,,,,,,,D,Oliver Kylington (13774841),Oliver Kylington,13774841,D/UTIL,2500,CGY@ARI 11/16/2019 04:00PM ET,CGY,2.48
,,,,,,,,,,,,,,D,Juuso Valimaki (13774851),Juuso Valimaki,13774851,D/UTIL,2500,CGY@ARI 11/16/2019 04:00PM ET,CGY,0
,,,,,,,,,,,,,,D,Jordan Gross (13774857),Jordan Gross,13774857,D/UTIL,2500,CGY@ARI 11/16/2019 04:00PM ET,ARI,0
,,,,,,,,,,,,,,D,Kyle Capobianco (13774871),Kyle Capobianco,13774871,D/UTIL,2500,CGY@ARI 11/16/2019 04:00PM ET,ARI,4.6
,,,,,,,,,,,,,,D,Alexander Yelesin (13774879),Alexander Yelesin,13774879,D/UTIL,2500,CGY@ARI 11/16/2019 04:00PM ET,CGY,0
,,,,,,,,,,,,,,D,Rinat Valiev (13774897),Rinat Valiev,13774897,D/UTIL,2500,CGY@ARI 11/16/2019 04:00PM ET,CGY,0
,,,,,,,,,,,,,,D,Victor Soderstrom (13774899),Victor Soderstrom,13774899,D/UTIL,2500,CGY@ARI 11/16/2019 04:00PM ET,ARI,0
,,,,,,,,,,,,,,C,Blake Lizotte (13774437),Blake Lizotte,13774437,C/UTIL,2500,VGK@LA 11/16/2019 04:00PM ET,LA,3.91
,,,,,,,,,,,,,,C,Nicolas Roy (13774441),Nicolas Roy,13774441,C/UTIL,2500,VGK@LA 11/16/2019 04:00PM ET,VGK,5.02
,,,,,,,,,,,,,,C,Nikolai Prokhorkin (13774443),Nikolai Prokhorkin,13774443,C/UTIL,2500,VGK@LA 11/16/2019 04:00PM ET,LA,2.62
,,,,,,,,,,,,,,C,Jaret Anderson-Dolan (13774463),Jaret Anderson-Dolan,13774463,C/UTIL,2500,VGK@LA 11/16/2019 04:00PM ET,LA,0
,,,,,,,,,,,,,,C,Patrick Brown (13774465),Patrick Brown,13774465,C/UTIL,2500,VGK@LA 11/16/2019 04:00PM ET,VGK,0
,,,,,,,,,,,,,,C,Peyton Krebs (13774473),Peyton Krebs,13774473,C/UTIL,2500,VGK@LA 11/16/2019 04:00PM ET,VGK,0
,,,,,,,,,,,,,,C,Rasmus Kupari (13774479),Rasmus Kupari,13774479,C/UTIL,2500,VGK@LA 11/16/2019 04:00PM ET,LA,0
,,,,,,,,,,,,,,C,Mario Kempe (13774483),Mario Kempe,13774483,C/UTIL,2500,VGK@LA 11/16/2019 04:00PM ET,LA,0
,,,,,,,,,,,,,,RW,Ryan Reaves (13774623),Ryan Reaves,13774623,W/UTIL,2500,VGK@LA 11/16/2019 04:00PM ET,VGK,3.11
,,,,,,,,,,,,,,LW,Kyle Clifford (13774627),Kyle Clifford,13774627,W/UTIL,2500,VGK@LA 11/16/2019 04:00PM ET,LA,4.18
,,,,,,,,,,,,,,LW,William Carrier (13774629),William Carrier,13774629,W/UTIL,2500,VGK@LA 11/16/2019 04:00PM ET,VGK,3.93
,,,,,,,,,,,,,,RW,Matt Luff (13774631),Matt Luff,13774631,W/UTIL,2500,VGK@LA 11/16/2019 04:00PM ET,LA,1.5
,,,,,,,,,,,,,,RW,Trevor Lewis (13774641),Trevor Lewis,13774641,W/UTIL,2500,VGK@LA 11/16/2019 04:00PM ET,LA,4.49
,,,,,,,,,,,,,,LW,Valentin Zykov (13774645),Valentin Zykov,13774645,W/UTIL,2500,VGK@LA 11/16/2019 04:00PM ET,VGK,3.49
,,,,,,,,,,,,,,RW,Sheldon Rempal (13774647),Sheldon Rempal,13774647,W/UTIL,2500,VGK@LA 11/16/2019 04:00PM ET,LA,0
,,,,,,,,,,,,,,RW,Martin Frk (13774667),Martin Frk,13774667,W/UTIL,2500,VGK@LA 11/16/2019 04:00PM ET,LA,0
,,,,,,,,,,,,,,LW,Tyrell Goulbourne (13774673),Tyrell Goulbourne,13774673,W/UTIL,2500,VGK@LA 11/16/2019 04:00PM ET,VGK,0
,,,,,,,,,,,,,,LW,Curtis McKenzie (13774681),Curtis McKenzie,13774681,W/UTIL,2500,VGK@LA 11/16/2019 04:00PM ET,VGK,0
,,,,,,,,,,,,,,LW,Bokondji Imama (13774695),Bokondji Imama,13774695,W/UTIL,2500,VGK@LA 11/16/2019 04:00PM ET,LA,0
,,,,,,,,,,,,,,D,Nicolas Hague (13774807),Nicolas Hague,13774807,D/UTIL,2500,VGK@LA 11/16/2019 04:00PM ET,VGK,3.52
,,,,,,,,,,,,,,D,Jon Merrill (13774813),Jon Merrill,13774813,D/UTIL,2500,VGK@LA 11/16/2019 04:00PM ET,VGK,3.88
,,,,,,,,,,,,,,D,Joakim Ryan (13774815),Joakim Ryan,13774815,D/UTIL,2500,VGK@LA 11/16/2019 04:00PM ET,LA,3.96
,,,,,,,,,,,,,,D,Derek Forbort (13774827),Derek Forbort,13774827,D/UTIL,2500,VGK@LA 11/16/2019 04:00PM ET,LA,0
,,,,,,,,,,,,,,D,Kurtis MacDermid (13774833),Kurtis MacDermid,13774833,D/UTIL,2500,VGK@LA 11/16/2019 04:00PM ET,LA,5.92
,,,,,,,,,,,,,,D,Jimmy Schuldt (13774853),Jimmy Schuldt,13774853,D/UTIL,2500,VGK@LA 11/16/2019 04:00PM ET,VGK,0
,,,,,,,,,,,,,,D,Jake Bischoff (13774855),Jake Bischoff,13774855,D/UTIL,2500,VGK@LA 11/16/2019 04:00PM ET,VGK,6.35
,,,,,,,,,,,,,,D,Jaycob Megna (13774863),Jaycob Megna,13774863,D/UTIL,2500,VGK@LA 11/16/2019 04:00PM ET,VGK,0
,,,,,,,,,,,,,,D,Paul LaDue (13774867),Paul LaDue,13774867,D/UTIL,2500,VGK@LA 11/16/2019 04:00PM ET,LA,0
,,,,,,,,,,,,,,D,Tobias Bjornfot (13774881),Tobias Bjornfot,13774881,D/UTIL,2500,VGK@LA 11/16/2019 04:00PM ET,LA,0
,,,,,,,,,,,,,,D,Kale Clague (13774895),Kale Clague,13774895,D/UTIL,2500,VGK@LA 11/16/2019 04:00PM ET,LA,0
,,,,,,,,,,,,,,D,Daniel Brickley (13774905),Daniel Brickley,13774905,D/UTIL,2500,VGK@LA 11/16/2019 04:00PM ET,LA,0
,,,,,,,,,,,,,,D,Zach Whitecloud (13774907),Zach Whitecloud,13774907,D/UTIL,2500,VGK@LA 11/16/2019 04:00PM ET,VGK,0
