Position,Name + ID,Name,ID,Roster Position,Salary,Game Info,TeamAbbrev,AvgPointsPerGame,Odds,,,,,,
RB,Saquon Barkley (13564938),Saquon Barkley,13564938,RB/FLEX,8900,ARI@NYG 10/20/2019 01:00PM ET,NYG,18.03,-250,,,Dalvin Cook,475,475,-167
RB,Dalvin Cook (13564940),Dalvin Cook,13564940,RB/FLEX,8000,MIN@DET 10/20/2019 01:00PM ET,MIN,24.93,-167,,,Kerryon Johnson,750,750,115
WR,Julio Jones (13565138),Julio Jones,13565138,WR/FLEX,8000,LAR@ATL 10/20/2019 01:00PM ET,ATL,18.97,100,,,Kenny Golladay,900,900,145
WR,Michael Thomas (13565140),Michael Thomas,13565140,WR/FLEX,7900,NO@CHI 10/20/2019 04:25PM ET,NO,23.37,175,,,Adam Thielen,900,900,150
RB,David Johnson (13564942),David Johnson,13564942,RB/FLEX,7800,ARI@NYG 10/20/2019 01:00PM ET,ARI,20.22,-162,,,Stefon Diggs,1100,1100,175
WR,DeAndre Hopkins (13565142),DeAndre Hopkins,13565142,WR/FLEX,7800,HOU@IND 10/20/2019 01:00PM ET,HOU,16.03,110,,,T.J. Hockenson,1300,1300,225
WR,Davante Adams (13565144),Davante Adams,13565144,WR/FLEX,7600,OAK@GB 10/20/2019 01:00PM ET,GB,17.2,#N/A,,,Marvin Jones Jr.,1400,1400,240
RB,Alvin Kamara (13564944),Alvin Kamara,13564944,RB/FLEX,7500,NO@CHI 10/20/2019 04:25PM ET,NO,18.4,110,,,Kyle Rudolph,1800,1800,350
WR,Cooper Kupp (13565146),Cooper Kupp,13565146,WR/FLEX,7400,LAR@ATL 10/20/2019 01:00PM ET,LAR,22.27,-115,,,Alexander Mattison,1800,1800,300
RB,Aaron Jones (13564946),Aaron Jones,13564946,RB/FLEX,7100,OAK@GB 10/20/2019 01:00PM ET,GB,21.2,-155,,,Danny Amendola,2200,2200,425
QB,Deshaun Watson (13564881),Deshaun Watson,13564881,QB,7000,HOU@IND 10/20/2019 01:00PM ET,HOU,27.19,250,,,Any Other Detroit Lions Player,2500,2500,500
RB,Leonard Fournette (13564948),Leonard Fournette,13564948,RB/FLEX,7000,JAX@CIN 10/20/2019 01:00PM ET,JAX,19.05,-225,,,Any Other Minnesota Vikings Player,2500,2500,450
WR,Adam Thielen (13565148),Adam Thielen,13565148,WR/FLEX,6900,MIN@DET 10/20/2019 01:00PM ET,MIN,16.95,150,,,J.D. McKissic,3000,3000,600
QB,Lamar Jackson (13564882),Lamar Jackson,13564882,QB,6800,BAL@SEA 10/20/2019 04:25PM ET,BAL,27.71,190,,,Jesse James,4000,4000,850
WR,Keenan Allen (13565150),Keenan Allen,13565150,WR/FLEX,6700,LAC@TEN 10/20/2019 04:05PM ET,LAC,19.1,180,,,Kirk Cousins,4000,4000,750
TE,George Kittle (13565404),George Kittle,13565404,TE/FLEX,6700,SF@WAS 10/20/2019 01:00PM ET,SF,15.12,-112,,,Olabisi Johnson,4000,4000,800
QB,Kyler Murray (13564883),Kyler Murray,13564883,QB,6700,ARI@NYG 10/20/2019 01:00PM ET,ARI,23.23,225,,,Irv Smith Jr.,4000,4000,800
QB,Russell Wilson (13564884),Russell Wilson,13564884,QB,6600,BAL@SEA 10/20/2019 04:25PM ET,SEA,27.04,300,,,Marvin Hall,4500,4500,900
RB,Mark Ingram II (13564950),Mark Ingram II,13564950,RB/FLEX,6600,BAL@SEA 10/20/2019 04:25PM ET,BAL,18.55,-106,,,Logan Thomas,6000,6000,1100
WR,Tyler Lockett (13565152),Tyler Lockett,13565152,WR/FLEX,6600,BAL@SEA 10/20/2019 04:25PM ET,SEA,16.82,108,,,Ty Johnson,6600,6600,1200
RB,Chris Carson (13564952),Chris Carson,13564952,RB/FLEX,6500,BAL@SEA 10/20/2019 04:25PM ET,SEA,18.9,-155,,,Laquon Treadwell,6600,6600,1200
TE,Evan Engram (13565406),Evan Engram,13565406,TE/FLEX,6500,ARI@NYG 10/20/2019 01:00PM ET,NYG,17.76,115,,,Ameer Abdullah,7000,7000,1400
QB,Josh Allen (13564885),Josh Allen,13564885,QB,6500,MIA@BUF 10/20/2019 01:00PM ET,BUF,18.34,-121,,,Matthew Stafford,8000,8000,1600
QB,Aaron Rodgers (13564886),Aaron Rodgers,13564886,QB,6400,OAK@GB 10/20/2019 01:00PM ET,GB,16.8,600,,,Nick Bawden,10000,10000,2200
WR,A.J. Green (13565154),A.J. Green,13565154,WR/FLEX,6400,JAX@CIN 10/20/2019 01:00PM ET,CIN,0,180,,,C.J. Ham,10000,10000,2200
RB,Todd Gurley II (13564954),Todd Gurley II,13564954,RB/FLEX,6400,LAR@ATL 10/20/2019 01:00PM ET,LAR,15.36,-167,,,Tyler Conklin,10000,10000,2200
WR,Stefon Diggs (13565156),Stefon Diggs,13565156,WR/FLEX,6300,MIN@DET 10/20/2019 01:00PM ET,MIN,15.8,175,,,Mike Boone,10000,10000,2200
QB,Matt Ryan (13564887),Matt Ryan,13564887,QB,6300,LAR@ATL 10/20/2019 01:00PM ET,ATL,27.44,850,,,Tra Carson,10000,10000,2200
RB,Austin Ekeler (13564956),Austin Ekeler,13564956,RB/FLEX,6200,LAC@TEN 10/20/2019 04:05PM ET,LAC,22.85,190,,,Todd Gurley II,600,600,-167
WR,Will Fuller V (13565158),Will Fuller V,13565158,WR/FLEX,6200,HOU@IND 10/20/2019 01:00PM ET,HOU,16.4,140,,,Cooper Kupp,750,750,-115
QB,Jared Goff (13564888),Jared Goff,13564888,QB,6200,LAR@ATL 10/20/2019 01:00PM ET,LAR,16.56,600,,,Devonta Freeman,850,850,-106
WR,Terry McLaurin (13565162),Terry McLaurin,13565162,WR/FLEX,6100,SF@WAS 10/20/2019 01:00PM ET,WAS,19.96,210,,,Julio Jones,900,900,100
QB,Daniel Jones (13564889),Daniel Jones,13564889,QB,6100,ARI@NYG 10/20/2019 01:00PM ET,NYG,14.69,325,,,Calvin Ridley,1000,1000,120
WR,Larry Fitzgerald (13565160),Larry Fitzgerald,13565160,WR/FLEX,6100,ARI@NYG 10/20/2019 01:00PM ET,ARI,15.95,160,,,Austin Hooper,1100,1100,130
QB,Jimmy Garoppolo (13564890),Jimmy Garoppolo,13564890,QB,6000,SF@WAS 10/20/2019 01:00PM ET,SF,15.3,750,,,Malcolm Brown,1200,1200,150
RB,Marlon Mack (13564958),Marlon Mack,13564958,RB/FLEX,6000,HOU@IND 10/20/2019 01:00PM ET,IND,15.64,120,,,Robert Woods,1200,1200,150
WR,DJ Chark Jr. (13565164),DJ Chark Jr.,13565164,WR/FLEX,6000,JAX@CIN 10/20/2019 01:00PM ET,JAX,19.8,110,,,Brandin Cooks,1200,1200,165
RB,Melvin Gordon III (13564960),Melvin Gordon III,13564960,RB/FLEX,5900,LAC@TEN 10/20/2019 04:05PM ET,LAC,7.8,165,,,Darrell Henderson Jr.,1300,1300,180
WR,T.Y. Hilton (13565168),T.Y. Hilton,13565168,WR/FLEX,5900,HOU@IND 10/20/2019 01:00PM ET,IND,17.8,125,,,Gerald Everett,1800,1800,225
WR,Robert Woods (13565166),Robert Woods,13565166,WR/FLEX,5900,LAR@ATL 10/20/2019 01:00PM ET,LAR,13.57,150,,,Mohamed Sanu,2000,2000,275
RB,Derrick Henry (13564962),Derrick Henry,13564962,RB/FLEX,5800,LAC@TEN 10/20/2019 04:05PM ET,TEN,15.13,-106,,,Tyler Higbee,2200,2200,325
WR,Golden Tate (13565170),Golden Tate,13565170,WR/FLEX,5800,ARI@NYG 10/20/2019 01:00PM ET,NYG,14.75,165,,,Any Other Los Angeles Rams Player,2200,2200,325
QB,Kirk Cousins (13564891),Kirk Cousins,13564891,QB,5800,MIN@DET 10/20/2019 01:00PM ET,MIN,16.99,750,,,Ito Smith,2500,2500,350
WR,Kenny Golladay (13565172),Kenny Golladay,13565172,WR/FLEX,5800,MIN@DET 10/20/2019 01:00PM ET,DET,18.08,145,,,Any Other ATL Falcons Player,2500,2500,375
QB,Drew Brees (13564892),Drew Brees,13564892,QB,5700,NO@CHI 10/20/2019 04:25PM ET,NO,12.66,#N/A,,,Jared Goff,3500,3500,600
WR,Sterling Shepard (13565174),Sterling Shepard,13565174,WR/FLEX,5700,ARI@NYG 10/20/2019 01:00PM ET,NYG,16.72,130,,,Matt Ryan,5000,5000,850
RB,Malcolm Brown (13564964),Malcolm Brown,13564964,RB/FLEX,5700,LAR@ATL 10/20/2019 01:00PM ET,LAR,4.9,150,,,Justin Hardy,6000,6000,1000
WR,Marquise Brown (13565178),Marquise Brown,13565178,WR/FLEX,5600,BAL@SEA 10/20/2019 04:25PM ET,BAL,14.92,250,,,Josh Reynolds,7000,7000,1000
RB,Tevin Coleman (13564966),Tevin Coleman,13564966,RB/FLEX,5600,SF@WAS 10/20/2019 01:00PM ET,SF,12.47,108,,,Keith Smith,10000,10000,2200
QB,Jacoby Brissett (13564893),Jacoby Brissett,13564893,QB,5600,HOU@IND 10/20/2019 01:00PM ET,IND,18.82,650,,,Jaeden Graham,10000,10000,2200
WR,Tyler Boyd (13565176),Tyler Boyd,13565176,WR/FLEX,5600,JAX@CIN 10/20/2019 01:00PM ET,CIN,15.65,200,,,Russell Gage,10000,10000,2200
WR,Allen Robinson II (13565184),Allen Robinson II,13565184,WR/FLEX,5500,NO@CHI 10/20/2019 04:25PM ET,CHI,16.74,130,,,Luke Stocker,10000,10000,2200
QB,Philip Rivers (13564894),Philip Rivers,13564894,QB,5500,LAC@TEN 10/20/2019 04:05PM ET,LAC,18.97,2200,,,Olamide Zaccheaus,10000,10000,2200
RB,Wayne Gallman Jr. (13564968),Wayne Gallman Jr.,13564968,RB/FLEX,5500,ARI@NYG 10/20/2019 01:00PM ET,NYG,8.92,600,,,Kenjon Barner,10000,10000,2200
WR,John Brown (13565182),John Brown,13565182,WR/FLEX,5500,MIA@BUF 10/20/2019 01:00PM ET,BUF,15.28,200,,,JoJo Natson,10000,10000,2200
QB,Andy Dalton (13564895),Andy Dalton,13564895,QB,5400,JAX@CIN 10/20/2019 01:00PM ET,CIN,17.61,750,,,Johnny Mundt,10000,10000,2200
QB,Gardner Minshew II (13564896),Gardner Minshew II,13564896,QB,5400,JAX@CIN 10/20/2019 01:00PM ET,JAX,17.2,900,,,Mike Thomas,10000,10000,2200
RB,Devin Singletary (13564972),Devin Singletary,13564972,RB/FLEX,5400,MIA@BUF 10/20/2019 01:00PM ET,BUF,13.25,165,,,George Kittle,550,550,-112
RB,Devonta Freeman (13564970),Devonta Freeman,13564970,RB/FLEX,5400,LAR@ATL 10/20/2019 01:00PM ET,ATL,14.97,-106,,,Tevin Coleman,650,650,108
WR,Brandin Cooks (13565180),Brandin Cooks,13565180,WR/FLEX,5400,LAR@ATL 10/20/2019 01:00PM ET,LAR,11.9,165,,,Matt Breida,750,750,125
QB,Teddy Bridgewater (13564897),Teddy Bridgewater,13564897,QB,5300,NO@CHI 10/20/2019 04:25PM ET,NO,15.15,1000,,,Marquise Goodwin,1000,1000,180
RB,Matt Breida (13564974),Matt Breida,13564974,RB/FLEX,5300,SF@WAS 10/20/2019 01:00PM ET,SF,14.58,125,,,Adrian Peterson,1050,1050,190
WR,Calvin Ridley (13565186),Calvin Ridley,13565186,WR/FLEX,5300,LAR@ATL 10/20/2019 01:00PM ET,ATL,14.38,120,,,Terry McLaurin,1100,1100,210
TE,Austin Hooper (13565408),Austin Hooper,13565408,TE/FLEX,5300,LAR@ATL 10/20/2019 01:00PM ET,ATL,19.33,130,,,Dante Pettis,1300,1300,250
WR,Marquez Valdes-Scantling (13565188),Marquez Valdes-Scantling,13565188,WR/FLEX,5200,OAK@GB 10/20/2019 01:00PM ET,GB,9.03,190,,,Deebo Samuel,1400,1400,260
QB,Matthew Stafford (13564898),Matthew Stafford,13564898,QB,5200,MIN@DET 10/20/2019 01:00PM ET,DET,19.36,1600,,,Paul Richardson Jr.,1800,1800,375
RB,Frank Gore (13564978),Frank Gore,13564978,RB/FLEX,5200,MIA@BUF 10/20/2019 01:00PM ET,BUF,11.6,-121,,,Jeremy Sprinkle,2000,2000,400
QB,Mitchell Trubisky (13564899),Mitchell Trubisky,13564899,QB,5100,NO@CHI 10/20/2019 04:25PM ET,CHI,8.9,700,,,Any Other San Francisco 49ers Player,2000,2000,400
RB,Latavius Murray (13564976),Latavius Murray,13564976,RB/FLEX,5100,NO@CHI 10/20/2019 04:25PM ET,NO,5.92,140,,,Trey Quinn,2200,2200,475
WR,Tyrell Williams (13565190),Tyrell Williams,13565190,WR/FLEX,5100,OAK@GB 10/20/2019 01:00PM ET,OAK,16.4,#N/A,,,Wendell Smallwood,2800,2800,550
RB,Kerryon Johnson (13564980),Kerryon Johnson,13564980,RB/FLEX,5100,MIN@DET 10/20/2019 01:00PM ET,DET,14.02,115,,,Raheem Mostert,2800,2800,550
WR,Christian Kirk (13565194),Christian Kirk,13565194,WR/FLEX,5000,ARI@NYG 10/20/2019 01:00PM ET,ARI,13.75,260,,,Jeff Wilson Jr.,3500,3500,750
QB,Derek Carr (13564900),Derek Carr,13564900,QB,5000,OAK@GB 10/20/2019 01:00PM ET,OAK,13.28,1000,,,Richie James,3500,3500,750
RB,Josh Jacobs (13564984),Josh Jacobs,13564984,RB/FLEX,5000,OAK@GB 10/20/2019 01:00PM ET,OAK,16.74,-139,,,Jimmy Garoppolo,3500,3500,750
WR,Marvin Jones Jr. (13565192),Marvin Jones Jr.,13565192,WR/FLEX,5000,MIN@DET 10/20/2019 01:00PM ET,DET,11.76,240,,,Any Other Washington Redskins Player,3500,3500,750
RB,Joe Mixon (13564982),Joe Mixon,13564982,RB/FLEX,5000,JAX@CIN 10/20/2019 01:00PM ET,CIN,9.15,110,,,Kelvin Harmon,4000,4000,900
TE,Mark Andrews (13565410),Mark Andrews,13565410,TE/FLEX,4900,BAL@SEA 10/20/2019 04:25PM ET,BAL,16.33,190,,,Kendrick Bourne,4500,4500,950
QB,Chase Daniel (13564903),Chase Daniel,13564903,QB,4900,NO@CHI 10/20/2019 04:25PM ET,CHI,13.82,1300,,,Levine Toilolo,6000,6000,1200
QB,Eli Manning (13564902),Eli Manning,13564902,QB,4900,ARI@NYG 10/20/2019 01:00PM ET,NYG,15.52,#N/A,,,Craig Reynolds,7000,7000,1500
RB,Jamaal Williams (13564986),Jamaal Williams,13564986,RB/FLEX,4900,OAK@GB 10/20/2019 01:00PM ET,GB,10.96,150,,,Steven Sims Jr.,8000,8000,1800
WR,Geronimo Allison (13565196),Geronimo Allison,13565196,WR/FLEX,4900,OAK@GB 10/20/2019 01:00PM ET,GB,6.52,225,,,Hale Hentges,8000,8000,1800
WR,Dede Westbrook (13565198),Dede Westbrook,13565198,WR/FLEX,4900,JAX@CIN 10/20/2019 01:00PM ET,JAX,10.1,120,,,Case Keenum,9000,9000,1800
QB,Matt Barkley (13564901),Matt Barkley,13564901,QB,4900,MIA@BUF 10/20/2019 01:00PM ET,BUF,4.08,#N/A,,,Ross Dwelley,10000,10000,2200
WR,DK Metcalf (13565204),DK Metcalf,13565204,WR/FLEX,4800,BAL@SEA 10/20/2019 04:25PM ET,SEA,10.33,130,,,Mike Burton,10000,10000,2200
RB,David Montgomery (13564988),David Montgomery,13564988,RB/FLEX,4800,NO@CHI 10/20/2019 04:25PM ET,CHI,10.14,135,,,Aaron Jones,550,550,-155
QB,Marcus Mariota (13564904),Marcus Mariota,13564904,QB,4800,LAC@TEN 10/20/2019 04:05PM ET,TEN,14.84,#N/A,,,Josh Jacobs,550,550,-139
QB,Ryan Tannehill (13564905),Ryan Tannehill,13564905,QB,4800,LAC@TEN 10/20/2019 04:05PM ET,TEN,2.58,1100,,,Jamaal Williams,1000,1000,150
WR,Marquise Goodwin (13565200),Marquise Goodwin,13565200,WR/FLEX,4800,SF@WAS 10/20/2019 01:00PM ET,SF,7.32,180,,,Jimmy Graham,1000,1000,145
RB,Chase Edmonds (13564990),Chase Edmonds,13564990,RB/FLEX,4700,ARI@NYG 10/20/2019 01:00PM ET,ARI,7.28,-143,,,Darren Waller,1100,1100,175
RB,Carlos Hyde (13564992),Carlos Hyde,13564992,RB/FLEX,4700,HOU@IND 10/20/2019 01:00PM ET,HOU,11.8,130,,,Marquez Valdes-Scantling,1200,1200,190
QB,DeShone Kizer (13564906),DeShone Kizer,13564906,QB,4700,OAK@GB 10/20/2019 01:00PM ET,OAK,0,#N/A,,,Allen Lazard,1400,1400,220
TE,Darren Waller (13565412),Darren Waller,13565412,TE/FLEX,4700,OAK@GB 10/20/2019 01:00PM ET,OAK,15.32,175,,,Geronimo Allison,1500,1500,225
WR,Cole Beasley (13565202),Cole Beasley,13565202,WR/FLEX,4700,MIA@BUF 10/20/2019 01:00PM ET,BUF,11.14,425,,,Hunter Renfrow,1500,1500,240
RB,Tarik Cohen (13564996),Tarik Cohen,13564996,RB/FLEX,4600,NO@CHI 10/20/2019 04:25PM ET,CHI,8.5,200,,,Jake Kumerow,1600,1600,285
WR,Mike Williams (13565208),Mike Williams,13565208,WR/FLEX,4600,LAC@TEN 10/20/2019 04:05PM ET,LAC,9.86,210,,,Foster Moreau,2200,2200,400
QB,Case Keenum (13564908),Case Keenum,13564908,QB,4600,SF@WAS 10/20/2019 01:00PM ET,WAS,16.53,1800,,,Any Other Green Bay Packers Player,2200,2200,375
RB,Raheem Mostert (13564994),Raheem Mostert,13564994,RB/FLEX,4600,SF@WAS 10/20/2019 01:00PM ET,SF,8.14,550,,,Darrius Shepherd,2500,2500,425
QB,Mike Glennon (13564907),Mike Glennon,13564907,QB,4600,OAK@GB 10/20/2019 01:00PM ET,OAK,0,#N/A,,,Marcedes Lewis,3300,3300,550
RB,Alexander Mattison (13564998),Alexander Mattison,13564998,RB/FLEX,4600,MIN@DET 10/20/2019 01:00PM ET,MIN,5.33,300,,,Zay Jones,3300,3300,550
WR,Mohamed Sanu (13565206),Mohamed Sanu,13565206,WR/FLEX,4600,LAR@ATL 10/20/2019 01:00PM ET,ATL,11.55,275,,,Aaron Rodgers,3500,3500,600
QB,Dwayne Haskins Jr. (13564911),Dwayne Haskins Jr.,13564911,QB,4500,SF@WAS 10/20/2019 01:00PM ET,WAS,3.58,#N/A,,,DeAndre Washington,3500,3500,600
WR,Deebo Samuel (13565210),Deebo Samuel,13565210,WR/FLEX,4500,SF@WAS 10/20/2019 01:00PM ET,SF,7.92,260,,,Any Other Oakland Raiders Player,3500,3500,550
RB,Elijhaa Penny (13565004),Elijhaa Penny,13565004,RB/FLEX,4500,ARI@NYG 10/20/2019 01:00PM ET,NYG,1.08,2200,,,Keelan Doss,4500,4500,800
QB,Sean Mannion (13564910),Sean Mannion,13564910,QB,4500,MIN@DET 10/20/2019 01:00PM ET,MIN,-0.2,#N/A,,,Ryan Grant,4500,4500,800
RB,Giovani Bernard (13565000),Giovani Bernard,13565000,RB/FLEX,4500,JAX@CIN 10/20/2019 01:00PM ET,CIN,4.95,275,,,Marcell Ateman,4500,4500,850
WR,Auden Tate (13565212),Auden Tate,13565212,WR/FLEX,4500,JAX@CIN 10/20/2019 01:00PM ET,CIN,10.02,260,,,Dwayne Harris,6000,6000,1000
QB,Josh Rosen (13564912),Josh Rosen,13564912,QB,4500,MIA@BUF 10/20/2019 01:00PM ET,MIA,4.6,#N/A,,,Jalen Richard,6000,6000,1000
QB,Ryan Fitzpatrick (13564913),Ryan Fitzpatrick,13564913,QB,4500,MIA@BUF 10/20/2019 01:00PM ET,MIA,5.82,2200,,,Trevor Davis,6000,6000,1000
QB,Blake Bortles (13564909),Blake Bortles,13564909,QB,4500,LAR@ATL 10/20/2019 01:00PM ET,LAR,0,#N/A,,,Derek Carr,6000,6000,1000
RB,Ito Smith (13565002),Ito Smith,13565002,RB/FLEX,4500,LAR@ATL 10/20/2019 01:00PM ET,ATL,5.93,350,,,Dan Vitale,7000,7000,1400
QB,Robert Griffin III (13564917),Robert Griffin III,13564917,QB,4400,BAL@SEA 10/20/2019 04:25PM ET,BAL,7.1,#N/A,,,Evan Baylis,7000,7000,1400
QB,Geno Smith (13564918),Geno Smith,13564918,QB,4400,BAL@SEA 10/20/2019 04:25PM ET,SEA,0,#N/A,,,Dexter Williams,10000,10000,2200
QB,Colt McCoy (13564916),Colt McCoy,13564916,QB,4400,SF@WAS 10/20/2019 01:00PM ET,WAS,5.28,#N/A,,,Robert Tonyan,10000,10000,2200
RB,Nyheim Hines (13565006),Nyheim Hines,13565006,RB/FLEX,4400,HOU@IND 10/20/2019 01:00PM ET,IND,6.6,190,,,Alec Ingold,10000,10000,2200
QB,Tim Boyle (13564915),Tim Boyle,13564915,QB,4400,OAK@GB 10/20/2019 01:00PM ET,GB,0,#N/A,,,Derek Carrier,10000,10000,2200
QB,Josh Dobbs (13564914),Josh Dobbs,13564914,QB,4400,JAX@CIN 10/20/2019 01:00PM ET,JAX,0,#N/A,,,Josh Allen,550,550,-121
QB,Nick Mullens (13564922),Nick Mullens,13564922,QB,4300,SF@WAS 10/20/2019 01:00PM ET,SF,0,#N/A,,,Frank Gore,550,550,-121
QB,Brett Hundley (13564921),Brett Hundley,13564921,QB,4300,ARI@NYG 10/20/2019 01:00PM ET,ARI,0,#N/A,,,Devin Singletary,950,950,165
QB,AJ McCarron (13564920),AJ McCarron,13564920,QB,4300,HOU@IND 10/20/2019 01:00PM ET,HOU,0,#N/A,,,John Brown,1200,1200,200
WR,Kenny Stills (13565214),Kenny Stills,13565214,WR/FLEX,4300,HOU@IND 10/20/2019 01:00PM ET,HOU,8.95,375,,,Kenyan Drake,1600,1600,400
QB,Nick Foles (13564919),Nick Foles,13564919,QB,4300,JAX@CIN 10/20/2019 01:00PM ET,JAX,7,#N/A,,,Preston Williams,1600,1600,400
RB,Ryquell Armstead (13565008),Ryquell Armstead,13565008,RB/FLEX,4300,JAX@CIN 10/20/2019 01:00PM ET,JAX,2.38,850,,,Duke Williams,1600,1600,300
DST,Bills  (13565562),Bills ,13565562,DST,4300,MIA@BUF 10/20/2019 01:00PM ET,BUF,8.2,#N/A,,,Dawson Knox,1800,1800,325
RB,Gus Edwards (13565012),Gus Edwards,13565012,RB/FLEX,4200,BAL@SEA 10/20/2019 04:25PM ET,BAL,4.47,450,,,DeVante Parker,1800,1800,450
WR,Willie Snead IV (13565216),Willie Snead IV,13565216,WR/FLEX,4200,BAL@SEA 10/20/2019 04:25PM ET,BAL,8.22,325,,,Any Other BUF Bills Player,1800,1800,325
QB,Tyrod Taylor (13564923),Tyrod Taylor,13564923,QB,4200,LAC@TEN 10/20/2019 04:05PM ET,LAC,0.04,#N/A,,,T.J. Yeldon,2200,2200,400
RB,Jeff Wilson Jr. (13565010),Jeff Wilson Jr.,13565010,RB/FLEX,4200,SF@WAS 10/20/2019 01:00PM ET,SF,9.73,750,,,Cole Beasley,2200,2200,425
WR,Paul Richardson Jr. (13565218),Paul Richardson Jr.,13565218,WR/FLEX,4200,SF@WAS 10/20/2019 01:00PM ET,WAS,8.05,375,,,Tyler Kroft,2200,2200,425
TE,Jimmy Graham (13565414),Jimmy Graham,13565414,TE/FLEX,4200,OAK@GB 10/20/2019 01:00PM ET,GB,6.82,145,,,Mark Walton,2200,2200,550
QB,Taysom Hill (13564930),Taysom Hill,13564930,QB,4100,NO@CHI 10/20/2019 04:25PM ET,NO,3.29,600,,,Mike Gesicki,3000,3000,800
RB,Adrian Peterson (13565016),Adrian Peterson,13565016,RB/FLEX,4100,SF@WAS 10/20/2019 01:00PM ET,WAS,7.76,190,,,Albert Wilson,3000,3000,750
WR,Dante Pettis (13565220),Dante Pettis,13565220,WR/FLEX,4100,SF@WAS 10/20/2019 01:00PM ET,SF,4.79,250,,,Isaiah McKenzie,3500,3500,650
DST,49ers  (13565563),49ers ,13565563,DST,4100,SF@WAS 10/20/2019 01:00PM ET,SF,14,#N/A,,,Robert Foster,3500,3500,650
RB,Javorius Allen (13565020),Javorius Allen,13565020,RB/FLEX,4100,ARI@NYG 10/20/2019 01:00PM ET,NYG,0,2200,,,Jakeem Grant,3500,3500,950
WR,Darius Slayton (13565224),Darius Slayton,13565224,WR/FLEX,4100,ARI@NYG 10/20/2019 01:00PM ET,NYG,9.22,225,,,Any Other Miami Dolphins Player,4000,4000,1050
QB,Brian Hoyer (13564928),Brian Hoyer,13564928,QB,4100,HOU@IND 10/20/2019 01:00PM ET,IND,0,#N/A,,,Kalen Ballage,5000,5000,1200
QB,Chad Kelly (13564929),Chad Kelly,13564929,QB,4100,HOU@IND 10/20/2019 01:00PM ET,IND,0,#N/A,,,Tommy Sweeney,7000,7000,1400
RB,Duke Johnson (13565018),Duke Johnson,13565018,RB/FLEX,4100,HOU@IND 10/20/2019 01:00PM ET,HOU,8.57,240,,,Allen Hurns,7000,7000,2000
WR,Hunter Renfrow (13565226),Hunter Renfrow,13565226,WR/FLEX,4100,OAK@GB 10/20/2019 01:00PM ET,OAK,4.42,240,,,Nick O'Leary,8000,8000,2000
QB,David Blough (13564926),David Blough,13564926,QB,4100,MIN@DET 10/20/2019 01:00PM ET,DET,0,#N/A,,,Lee Smith,10000,10000,1800
QB,Jeff Driskel (13564927),Jeff Driskel,13564927,QB,4100,MIN@DET 10/20/2019 01:00PM ET,DET,0,#N/A,,,Andre Roberts,10000,10000,1800
QB,Ryan Finley (13564925),Ryan Finley,13564925,QB,4100,JAX@CIN 10/20/2019 01:00PM ET,CIN,0,#N/A,,,Patrick DiMarco,10000,10000,2200
RB,Kenyan Drake (13565014),Kenyan Drake,13565014,RB/FLEX,4100,MIA@BUF 10/20/2019 01:00PM ET,MIA,9.4,400,,,Myles Gaskin,10000,10000,2200
WR,Duke Williams (13565222),Duke Williams,13565222,WR/FLEX,4100,MIA@BUF 10/20/2019 01:00PM ET,BUF,12.9,300,,,Isaiah Ford,10000,10000,2200
QB,Matt Schaub (13564924),Matt Schaub,13564924,QB,4100,LAR@ATL 10/20/2019 01:00PM ET,ATL,0,#N/A,,,Chandler Cox,10000,10000,2200
QB,Trace McSorley (13564937),Trace McSorley,13564937,QB,4000,BAL@SEA 10/20/2019 04:25PM ET,BAL,0,#N/A,,,Ryan Fitzpatrick,10000,10000,2200
RB,Rashaad Penny (13565024),Rashaad Penny,13565024,RB/FLEX,4000,BAL@SEA 10/20/2019 04:25PM ET,SEA,7.4,550,,,Durham Smythe,10000,10000,2200
QB,Easton Stick (13564936),Easton Stick,13564936,QB,4000,LAC@TEN 10/20/2019 04:05PM ET,LAC,0,#N/A,,,Patrick Laird,10000,10000,2200
WR,Corey Davis (13565234),Corey Davis,13565234,WR/FLEX,4000,LAC@TEN 10/20/2019 04:05PM ET,TEN,7.62,250,,,Senorise Perry,10000,10000,2200
TE,Hunter Henry (13565422),Hunter Henry,13565422,TE/FLEX,4000,LAC@TEN 10/20/2019 04:05PM ET,LAC,21.5,180,,,Marlon Mack,800,800,120
QB,C.J. Beathard (13564935),C.J. Beathard,13564935,QB,4000,SF@WAS 10/20/2019 01:00PM ET,SF,0,#N/A,,,DeAndre Hopkins,800,800,110
RB,Chris Thompson (13565022),Chris Thompson,13565022,RB/FLEX,4000,SF@WAS 10/20/2019 01:00PM ET,WAS,10.42,#N/A,,,T.Y. Hilton,850,850,125
QB,Alex Tanney (13564934),Alex Tanney,13564934,QB,4000,ARI@NYG 10/20/2019 01:00PM ET,NYG,0,#N/A,,,Carlos Hyde,850,850,130
WR,Damiere Byrd (13565232),Damiere Byrd,13565232,WR/FLEX,4000,ARI@NYG 10/20/2019 01:00PM ET,ARI,7.4,500,,,Will Fuller V,950,950,140
QB,Andrew Luck (13564932),Andrew Luck,13564932,QB,4000,HOU@IND 10/20/2019 01:00PM ET,IND,0,#N/A,,,Jack Doyle,1200,1200,190
QB,Alex McGough (13564933),Alex McGough,13564933,QB,4000,HOU@IND 10/20/2019 01:00PM ET,HOU,0,#N/A,,,Nyheim Hines,1200,1200,190
WR,Zach Pascal (13565228),Zach Pascal,13565228,WR/FLEX,4000,HOU@IND 10/20/2019 01:00PM ET,IND,5.5,425,,,Eric Ebron,1500,1500,240
WR,Parris Campbell (13565230),Parris Campbell,13565230,WR/FLEX,4000,HOU@IND 10/20/2019 01:00PM ET,IND,5.48,#N/A,,,Duke Johnson,1500,1500,240
QB,Jake Dolegala (13564931),Jake Dolegala,13564931,QB,4000,JAX@CIN 10/20/2019 01:00PM ET,CIN,0,#N/A,,,Deshaun Watson,1600,1600,250
WR,Taylor Gabriel (13565240),Taylor Gabriel,13565240,WR/FLEX,3900,NO@CHI 10/20/2019 04:25PM ET,CHI,13.37,285,,,Darren Fells,2000,2000,300
WR,Anthony Miller (13565242),Anthony Miller,13565242,WR/FLEX,3900,NO@CHI 10/20/2019 04:25PM ET,CHI,3.2,500,,,Kenny Stills,2200,2200,375
RB,Dion Lewis (13565030),Dion Lewis,13565030,RB/FLEX,3900,LAC@TEN 10/20/2019 04:05PM ET,TEN,4.27,300,,,Zach Pascal,2500,2500,425
WR,KeeSean Johnson (13565238),KeeSean Johnson,13565238,WR/FLEX,3900,ARI@NYG 10/20/2019 01:00PM ET,ARI,5.47,350,,,Any Other Indianapolis Colts Player,2500,2500,425
RB,Jordan Wilkins (13565026),Jordan Wilkins,13565026,RB/FLEX,3900,HOU@IND 10/20/2019 01:00PM ET,IND,3.2,650,,,Any Other Houston Texans Player,2500,2500,450
TE,Eric Ebron (13565416),Eric Ebron,13565416,TE/FLEX,3900,HOU@IND 10/20/2019 01:00PM ET,IND,6.92,240,,,Deon Cain,3300,3300,550
RB,T.J. Yeldon (13565028),T.J. Yeldon,13565028,RB/FLEX,3900,MIA@BUF 10/20/2019 01:00PM ET,BUF,4.7,400,,,Chester Rogers,3500,3500,650
WR,Preston Williams (13565236),Preston Williams,13565236,WR/FLEX,3900,MIA@BUF 10/20/2019 01:00PM ET,MIA,9.24,400,,,Jacoby Brissett,3500,3500,650
WR,A.J. Brown (13565244),A.J. Brown,13565244,WR/FLEX,3800,LAC@TEN 10/20/2019 04:05PM ET,TEN,9.38,285,,,Jordan Wilkins,3500,3500,650
TE,Delanie Walker (13565418),Delanie Walker,13565418,TE/FLEX,3800,LAC@TEN 10/20/2019 04:05PM ET,TEN,9.08,200,,,Jordan Akins,3500,3500,600
RB,Dexter Williams (13565034),Dexter Williams,13565034,RB/FLEX,3800,OAK@GB 10/20/2019 01:00PM ET,GB,0,2200,,,Keke Coutee,4000,4000,750
RB,Jalen Richard (13565036),Jalen Richard,13565036,RB/FLEX,3800,OAK@GB 10/20/2019 01:00PM ET,OAK,3.34,1000,,,Ashton Dulin,10000,10000,2200
RB,Ty Johnson (13565032),Ty Johnson,13565032,RB/FLEX,3800,MIN@DET 10/20/2019 01:00PM ET,DET,2.02,1200,,,Jonathan Williams,10000,10000,2200
WR,Danny Amendola (13565248),Danny Amendola,13565248,WR/FLEX,3800,MIN@DET 10/20/2019 01:00PM ET,DET,8.92,425,,,Mo Alie-Cox,10000,10000,2200
WR,DeVante Parker (13565246),DeVante Parker,13565246,WR/FLEX,3800,MIA@BUF 10/20/2019 01:00PM ET,MIA,9.58,450,,,Cullen Gillaspia,10000,10000,2200
RB,C.J. Prosise (13565038),C.J. Prosise,13565038,RB/FLEX,3700,BAL@SEA 10/20/2019 04:25PM ET,SEA,4.6,1400,,,Buddy Howell,10000,10000,2200
WR,Malik Turner (13565252),Malik Turner,13565252,WR/FLEX,3700,BAL@SEA 10/20/2019 04:25PM ET,SEA,2.05,2200,,,DeAndre Carter,10000,10000,2200
WR,Jaron Brown (13565254),Jaron Brown,13565254,WR/FLEX,3700,BAL@SEA 10/20/2019 04:25PM ET,SEA,6.08,220,,,Logan Paulsen,10000,10000,2200
RB,Justin Jackson (13565040),Justin Jackson,13565040,RB/FLEX,3700,LAC@TEN 10/20/2019 04:05PM ET,LAC,7.17,#N/A,,,Taiwan Jones,10000,10000,2200
WR,Chester Rogers (13565250),Chester Rogers,13565250,WR/FLEX,3700,HOU@IND 10/20/2019 01:00PM ET,IND,3.84,650,,,Saquon Barkley,425,425,-250
RB,Qadree Ollison (13565042),Qadree Ollison,13565042,RB/FLEX,3700,LAR@ATL 10/20/2019 01:00PM ET,ATL,0,#N/A,,,Chase Edmonds,550,550,-143
TE,Gerald Everett (13565420),Gerald Everett,13565420,TE/FLEX,3700,LAR@ATL 10/20/2019 01:00PM ET,LAR,8.7,225,,,David Johnson,550,550,-162
WR,Ted Ginn Jr. (13565288),Ted Ginn Jr.,13565288,WR/FLEX,3600,NO@CHI 10/20/2019 04:25PM ET,NO,7.82,325,,,Evan Engram,900,900,115
TE,Jared Cook (13565424),Jared Cook,13565424,TE/FLEX,3600,NO@CHI 10/20/2019 04:25PM ET,NO,7.3,325,,,Sterling Shepard,1000,1000,130
RB,Jonathan Williams (13565044),Jonathan Williams,13565044,RB/FLEX,3600,HOU@IND 10/20/2019 01:00PM ET,IND,0,2200,,,Golden Tate,1200,1200,165
WR,Keke Coutee (13565262),Keke Coutee,13565262,WR/FLEX,3600,HOU@IND 10/20/2019 01:00PM ET,HOU,4.78,750,,,Larry Fitzgerald,1200,1200,160
WR,Jake Kumerow (13565256),Jake Kumerow,13565256,WR/FLEX,3600,OAK@GB 10/20/2019 01:00PM ET,GB,1.95,285,,,Darius Slayton,1500,1500,225
TE,T.J. Hockenson (13565426),T.J. Hockenson,13565426,TE/FLEX,3600,MIN@DET 10/20/2019 01:00PM ET,DET,9.74,225,,,Kyler Murray,1600,1600,225
RB,Kalen Ballage (13565046),Kalen Ballage,13565046,RB/FLEX,3600,MIA@BUF 10/20/2019 01:00PM ET,MIA,3.1,1200,,,Christian Kirk,1800,1800,260
WR,Robert Foster (13565258),Robert Foster,13565258,WR/FLEX,3600,MIA@BUF 10/20/2019 01:00PM ET,BUF,0,650,,,Daniel Jones,2200,2200,325
WR,Albert Wilson (13565260),Albert Wilson,13565260,WR/FLEX,3600,MIA@BUF 10/20/2019 01:00PM ET,MIA,4.95,750,,,Any Other New York Giants Player,2200,2200,350
WR,Miles Boykin (13565272),Miles Boykin,13565272,WR/FLEX,3500,BAL@SEA 10/20/2019 04:25PM ET,BAL,4.43,450,,,KeeSean Johnson,2500,2500,350
WR,Javon Wims (13565270),Javon Wims,13565270,WR/FLEX,3500,NO@CHI 10/20/2019 04:25PM ET,CHI,2.28,1050,,,Rhett Ellison,2800,2800,450
RB,Wendell Smallwood (13565048),Wendell Smallwood,13565048,RB/FLEX,3500,SF@WAS 10/20/2019 01:00PM ET,WAS,1.47,550,,,Damiere Byrd,3000,3000,500
WR,Cody Latimer (13565268),Cody Latimer,13565268,WR/FLEX,3500,ARI@NYG 10/20/2019 01:00PM ET,NYG,3.28,700,,,Any Other Arizona Cardinals Player,3000,3000,475
TE,Jack Doyle (13565428),Jack Doyle,13565428,TE/FLEX,3500,HOU@IND 10/20/2019 01:00PM ET,IND,6.56,190,,,Wayne Gallman Jr.,3500,3500,600
WR,Darrius Shepherd (13565266),Darrius Shepherd,13565266,WR/FLEX,3500,OAK@GB 10/20/2019 01:00PM ET,GB,0.02,425,,,Cody Latimer,4000,4000,700
WR,Chris Conley (13565264),Chris Conley,13565264,WR/FLEX,3500,JAX@CIN 10/20/2019 01:00PM ET,JAX,7.38,165,,,Bennie Fowler,4000,4000,700
WR,Marqise Lee (13565274),Marqise Lee,13565274,WR/FLEX,3500,JAX@CIN 10/20/2019 01:00PM ET,JAX,0.62,#N/A,,,Charles Clay,4000,4000,600
DST,Jaguars  (13565564),Jaguars ,13565564,DST,3500,JAX@CIN 10/20/2019 01:00PM ET,JAX,5.33,#N/A,,,Maxx Williams,4500,4500,700
RB,Darrell Henderson Jr. (13565050),Darrell Henderson Jr.,13565050,RB/FLEX,3500,LAR@ATL 10/20/2019 01:00PM ET,LAR,1.45,180,,,Pharoh Cooper,4500,4500,700
WR,David Moore (13565290),David Moore,13565290,WR/FLEX,3400,BAL@SEA 10/20/2019 04:25PM ET,SEA,5.1,850,,,Trent Sherfield,5500,5500,850
RB,Mike Davis (13565054),Mike Davis,13565054,RB/FLEX,3400,NO@CHI 10/20/2019 04:25PM ET,CHI,2.48,2200,,,Cody Core,10000,10000,2200
WR,Cordarrelle Patterson (13565278),Cordarrelle Patterson,13565278,WR/FLEX,3400,NO@CHI 10/20/2019 04:25PM ET,CHI,2.26,750,,,Garrett Dickerson,10000,10000,2200
WR,Adam Humphries (13565276),Adam Humphries,13565276,WR/FLEX,3400,LAC@TEN 10/20/2019 04:05PM ET,TEN,6.67,275,,,Kaden Smith,10000,10000,2200
WR,Trey Quinn (13565286),Trey Quinn,13565286,WR/FLEX,3400,SF@WAS 10/20/2019 01:00PM ET,WAS,6.42,475,,,Elijhaa Penny,10000,10000,2200
TE,Rhett Ellison (13565430),Rhett Ellison,13565430,TE/FLEX,3400,ARI@NYG 10/20/2019 01:00PM ET,NYG,2.93,450,,,D.J. Foster,10000,10000,2200
DST,Packers  (13565565),Packers ,13565565,DST,3400,OAK@GB 10/20/2019 01:00PM ET,GB,8.33,#N/A,,,Andy Isabella,10000,10000,2200
RB,Samaje Perine (13565052),Samaje Perine,13565052,RB/FLEX,3400,JAX@CIN 10/20/2019 01:00PM ET,CIN,0,#N/A,,,Javorius Allen,10000,10000,2200
WR,Jakeem Grant (13565282),Jakeem Grant,13565282,WR/FLEX,3400,MIA@BUF 10/20/2019 01:00PM ET,MIA,3.25,950,,,Leonard Fournette,375,375,-225
WR,Isaiah McKenzie (13565284),Isaiah McKenzie,13565284,WR/FLEX,3400,MIA@BUF 10/20/2019 01:00PM ET,BUF,4.5,650,,,Joe Mixon,700,700,110
WR,Josh Reynolds (13565280),Josh Reynolds,13565280,WR/FLEX,3400,LAR@ATL 10/20/2019 01:00PM ET,LAR,0.9,1000,,,DJ Chark Jr.,700,700,110
WR,Tre'Quan Smith (13565300),Tre'Quan Smith,13565300,WR/FLEX,3300,NO@CHI 10/20/2019 04:25PM ET,NO,6.17,600,,,Dede Westbrook,750,750,120
WR,Geremy Davis (13565298),Geremy Davis,13565298,WR/FLEX,3300,LAC@TEN 10/20/2019 04:05PM ET,LAC,1.36,1400,,,Chris Conley,1050,1050,165
RB,Derrius Guice (13565058),Derrius Guice,13565058,RB/FLEX,3300,SF@WAS 10/20/2019 01:00PM ET,WAS,6.8,#N/A,,,A.J. Green,1100,1100,180
WR,Cam Sims (13565292),Cam Sims,13565292,WR/FLEX,3300,SF@WAS 10/20/2019 01:00PM ET,WAS,0,#N/A,,,Tyler Boyd,1200,1200,200
TE,Vernon Davis (13565432),Vernon Davis,13565432,TE/FLEX,3300,SF@WAS 10/20/2019 01:00PM ET,WAS,7.08,#N/A,,,Auden Tate,1500,1500,260
WR,Russell Shepard (13565296),Russell Shepard,13565296,WR/FLEX,3300,ARI@NYG 10/20/2019 01:00PM ET,NYG,1.83,#N/A,,,Seth DeValve,1500,1500,260
RB,Isaiah Crowell (13565056),Isaiah Crowell,13565056,RB/FLEX,3300,OAK@GB 10/20/2019 01:00PM ET,OAK,0,#N/A,,,Giovani Bernard,1600,1600,275
WR,Trevor Davis (13565294),Trevor Davis,13565294,WR/FLEX,3300,OAK@GB 10/20/2019 01:00PM ET,OAK,6.1,1000,,,Tyler Eifert,2200,2200,400
WR,Keelan Cole (13565302),Keelan Cole,13565302,WR/FLEX,3300,JAX@CIN 10/20/2019 01:00PM ET,JAX,0.48,600,,,Any Other Jacksonville Jaguars Player,2500,2500,450
TE,Dawson Knox (13565434),Dawson Knox,13565434,TE/FLEX,3300,MIA@BUF 10/20/2019 01:00PM ET,BUF,6.5,325,,,C.J. Uzomah,2800,2800,525
TE,Trey Burton (13565438),Trey Burton,13565438,TE/FLEX,3200,NO@CHI 10/20/2019 04:25PM ET,CHI,4.18,450,,,Alex Erickson,2800,2800,525
RB,Troymaine Pope (13565060),Troymaine Pope,13565060,RB/FLEX,3200,LAC@TEN 10/20/2019 04:05PM ET,LAC,2.28,2200,,,Any Other Cincinnati Bengals Player,2800,2800,525
WR,Andre Patton (13565310),Andre Patton,13565310,WR/FLEX,3200,LAC@TEN 10/20/2019 04:05PM ET,LAC,1.4,2200,,,Josh Oliver,3300,3300,600
WR,Tajae Sharpe (13565312),Tajae Sharpe,13565312,WR/FLEX,3200,LAC@TEN 10/20/2019 04:05PM ET,TEN,2.6,650,,,Keelan Cole,3300,3300,600
DST,Titans  (13565566),Titans ,13565566,DST,3200,LAC@TEN 10/20/2019 04:05PM ET,TEN,9,#N/A,,,C.J. Board,3500,3500,750
WR,Jordan Matthews (13565308),Jordan Matthews,13565308,WR/FLEX,3200,SF@WAS 10/20/2019 01:00PM ET,SF,0,#N/A,,,Andy Dalton,4000,4000,750
WR,DeAndre Carter (13565306),DeAndre Carter,13565306,WR/FLEX,3200,HOU@IND 10/20/2019 01:00PM ET,HOU,-0.02,2200,,,Damion Willis,4500,4500,900
WR,Deon Cain (13565314),Deon Cain,13565314,WR/FLEX,3200,HOU@IND 10/20/2019 01:00PM ET,IND,1.84,550,,,Gardner Minshew II,4500,4500,900
TE,Jordan Akins (13565436),Jordan Akins,13565436,TE/FLEX,3200,HOU@IND 10/20/2019 01:00PM ET,HOU,7.43,600,,,Ryquell Armstead,4500,4500,850
RB,DeAndre Washington (13565064),DeAndre Washington,13565064,RB/FLEX,3200,OAK@GB 10/20/2019 01:00PM ET,OAK,5.14,600,,,Ben Koyack,8000,8000,1500
WR,Alex Erickson (13565304),Alex Erickson,13565304,WR/FLEX,3200,JAX@CIN 10/20/2019 01:00PM ET,CIN,3.77,525,,,Cethan Carter,10000,10000,2200
RB,Mark Walton (13565062),Mark Walton,13565062,RB/FLEX,3200,MIA@BUF 10/20/2019 01:00PM ET,MIA,5.42,550,,,Drew Sample,10000,10000,1800
RB,Justice Hill (13565080),Justice Hill,13565080,RB/FLEX,3100,BAL@SEA 10/20/2019 04:25PM ET,BAL,2.12,800,,,Stanley Jr. Morgan,10000,10000,2200
WR,Chris Moore (13565344),Chris Moore,13565344,WR/FLEX,3100,BAL@SEA 10/20/2019 04:25PM ET,BAL,0.63,1400,,,Trayveon Williams,10000,10000,2200
WR,Deonte Harris (13565340),Deonte Harris,13565340,WR/FLEX,3100,NO@CHI 10/20/2019 04:25PM ET,NO,1.05,2200,,,Devine Ozigbo,10000,10000,2200
WR,Lil'Jordan Humphrey (13565342),Lil'Jordan Humphrey,13565342,WR/FLEX,3100,NO@CHI 10/20/2019 04:25PM ET,NO,0,1600,,,Tyler Ervin,10000,10000,2200
RB,Rod Smith (13565076),Rod Smith,13565076,RB/FLEX,3100,LAC@TEN 10/20/2019 04:05PM ET,TEN,0,2200,,,Derrick Henry,550,550,-106
RB,Dalyn Dawkins (13565078),Dalyn Dawkins,13565078,RB/FLEX,3100,LAC@TEN 10/20/2019 04:05PM ET,TEN,0.2,2200,,,Melvin Gordon III,900,900,165
WR,Jason Moore (13565338),Jason Moore,13565338,WR/FLEX,3100,LAC@TEN 10/20/2019 04:05PM ET,LAC,6.3,1400,,,Keenan Allen,950,950,180
DST,Chargers  (13565568),Chargers ,13565568,DST,3100,LAC@TEN 10/20/2019 04:05PM ET,LAC,7,#N/A,,,Hunter Henry,950,950,180
WR,Steven Sims Jr. (13565336),Steven Sims Jr.,13565336,WR/FLEX,3100,SF@WAS 10/20/2019 01:00PM ET,WAS,3.67,1800,,,Austin Ekeler,1000,1000,190
WR,Pharoh Cooper (13565332),Pharoh Cooper,13565332,WR/FLEX,3100,ARI@NYG 10/20/2019 01:00PM ET,ARI,3.37,700,,,Delanie Walker,1100,1100,200
WR,Andy Isabella (13565334),Andy Isabella,13565334,WR/FLEX,3100,ARI@NYG 10/20/2019 01:00PM ET,ARI,0.32,2200,,,Mike Williams,1100,1100,210
TE,Darren Fells (13565440),Darren Fells,13565440,TE/FLEX,3100,HOU@IND 10/20/2019 01:00PM ET,HOU,8.15,300,,,Corey Davis,1300,1300,250
RB,Alec Ingold (13565072),Alec Ingold,13565072,RB/FLEX,3100,OAK@GB 10/20/2019 01:00PM ET,OAK,0.08,2200,,,Adam Humphries,1400,1400,275
WR,Zay Jones (13565328),Zay Jones,13565328,WR/FLEX,3100,OAK@GB 10/20/2019 01:00PM ET,OAK,2.78,550,,,A.J. Brown,1500,1500,285
WR,Marcell Ateman (13565330),Marcell Ateman,13565330,WR/FLEX,3100,OAK@GB 10/20/2019 01:00PM ET,OAK,0,850,,,Dion Lewis,1500,1500,300
RB,Paul Perkins (13565070),Paul Perkins,13565070,RB/FLEX,3100,MIN@DET 10/20/2019 01:00PM ET,DET,0,#N/A,,,Any Other Tennessee Titans Player,2500,2500,500
RB,Tra Carson (13565074),Tra Carson,13565074,RB/FLEX,3100,MIN@DET 10/20/2019 01:00PM ET,DET,3.6,2200,,,Any Other Los Angeles Chargers Player,2500,2500,550
WR,Chad Beebe (13565322),Chad Beebe,13565322,WR/FLEX,3100,MIN@DET 10/20/2019 01:00PM ET,MIN,3,#N/A,,,Tajae Sharpe,3300,3300,650
WR,Marvin Hall (13565324),Marvin Hall,13565324,WR/FLEX,3100,MIN@DET 10/20/2019 01:00PM ET,DET,4.5,900,,,Ryan Tannehill,4500,4500,1100
WR,Tom Kennedy (13565326),Tom Kennedy,13565326,WR/FLEX,3100,MIN@DET 10/20/2019 01:00PM ET,DET,0,#N/A,,,Virgil Green,5000,5000,1100
DST,Vikings  (13565567),Vikings ,13565567,DST,3100,MIN@DET 10/20/2019 01:00PM ET,MIN,8.67,#N/A,,,Jonnu Smith,6600,6600,1400
WR,Stanley Morgan (13565320),Stanley Morgan,13565320,WR/FLEX,3100,JAX@CIN 10/20/2019 01:00PM ET,CIN,0.8,#N/A,,,Geremy Davis,6600,6600,1400
RB,Senorise Perry (13565068),Senorise Perry,13565068,RB/FLEX,3100,MIA@BUF 10/20/2019 01:00PM ET,BUF,0,2200,,,Jason Moore,6600,6600,1400
WR,Allen Hurns (13565316),Allen Hurns,13565316,WR/FLEX,3100,MIA@BUF 10/20/2019 01:00PM ET,MIA,2.68,2000,,,MyCole Pruitt,10000,10000,2200
WR,Isaiah Ford (13565318),Isaiah Ford,13565318,WR/FLEX,3100,MIA@BUF 10/20/2019 01:00PM ET,MIA,1.45,2200,,,Anthony Firkser,10000,10000,2200
RB,John Kelly (13565066),John Kelly,13565066,RB/FLEX,3100,LAR@ATL 10/20/2019 01:00PM ET,LAR,0,#N/A,,,Darius Jennings,10000,10000,2200
RB,Patrick Ricard (13565132),Patrick Ricard,13565132,RB/FLEX,3000,BAL@SEA 10/20/2019 04:25PM ET,BAL,1.67,1400,,,Dalyn Dawkins,10000,10000,2200
RB,Travis Homer (13565134),Travis Homer,13565134,RB/FLEX,3000,BAL@SEA 10/20/2019 04:25PM ET,SEA,0,2200,,,Andre Patton,10000,10000,2200
RB,Nick Bellore (13565136),Nick Bellore,13565136,RB/FLEX,3000,BAL@SEA 10/20/2019 04:25PM ET,SEA,0.5,2200,,,Lance Kendricks,10000,10000,2200
WR,Seth Roberts (13565396),Seth Roberts,13565396,WR/FLEX,3000,BAL@SEA 10/20/2019 04:25PM ET,BAL,3.27,600,,,Derek Watt,10000,10000,2200
WR,Jaleel Scott (13565398),Jaleel Scott,13565398,WR/FLEX,3000,BAL@SEA 10/20/2019 04:25PM ET,BAL,0,2200,,,Troymaine Pope,10000,10000,2200
WR,John Ursua (13565400),John Ursua,13565400,WR/FLEX,3000,BAL@SEA 10/20/2019 04:25PM ET,SEA,0,2200,,,Philip Rivers,10000,10000,2200
WR,Gary Jennings (13565402),Gary Jennings,13565402,WR/FLEX,3000,BAL@SEA 10/20/2019 04:25PM ET,SEA,0,2200,,,Rod Smith,10000,10000,2200
TE,Luke Willson (13565444),Luke Willson,13565444,TE/FLEX,3000,BAL@SEA 10/20/2019 04:25PM ET,SEA,3.4,300,,,Chris Carson,550,550,-155
TE,Hayden Hurst (13565446),Hayden Hurst,13565446,TE/FLEX,3000,BAL@SEA 10/20/2019 04:25PM ET,BAL,5.35,550,,,Tyler Lockett,750,750,108
RB,Dwayne Washington (13565128),Dwayne Washington,13565128,RB/FLEX,3000,NO@CHI 10/20/2019 04:25PM ET,NO,0,850,,,Mark Ingram II,750,750,-106
RB,Zach Line (13565130),Zach Line,13565130,RB/FLEX,3000,NO@CHI 10/20/2019 04:25PM ET,NO,0.22,2200,,,DK Metcalf,950,950,130
WR,Austin Carr (13565392),Austin Carr,13565392,WR/FLEX,3000,NO@CHI 10/20/2019 04:25PM ET,NO,0,1600,,,Mark Andrews,1300,1300,190
WR,Riley Ridley (13565394),Riley Ridley,13565394,WR/FLEX,3000,NO@CHI 10/20/2019 04:25PM ET,CHI,0,2200,,,Lamar Jackson,1300,1300,190
DST,Bears  (13565570),Bears ,13565570,DST,3000,NO@CHI 10/20/2019 04:25PM ET,CHI,11.2,#N/A,,,Jaron Brown,1400,1400,220
RB,Derek Watt (13565126),Derek Watt,13565126,RB/FLEX,3000,LAC@TEN 10/20/2019 04:05PM ET,LAC,1.08,2200,,,Marquise Brown,1600,1600,250
WR,Travis Benjamin (13565388),Travis Benjamin,13565388,WR/FLEX,3000,LAC@TEN 10/20/2019 04:05PM ET,LAC,1.8,#N/A,,,Luke Willson,1800,1800,300
WR,Darius Jennings (13565390),Darius Jennings,13565390,WR/FLEX,3000,LAC@TEN 10/20/2019 04:05PM ET,TEN,0.62,2200,,,Russell Wilson,2000,2000,300
RB,Kyle Juszczyk (13565124),Kyle Juszczyk,13565124,RB/FLEX,3000,SF@WAS 10/20/2019 01:00PM ET,SF,3.55,#N/A,,,Willie Snead IV,2200,2200,325
WR,Kelvin Harmon (13565382),Kelvin Harmon,13565382,WR/FLEX,3000,SF@WAS 10/20/2019 01:00PM ET,WAS,1.95,900,,,Any Other Seattle Seahawks Player,2200,2200,375
WR,Richie James Jr. (13565384),Richie James Jr.,13565384,WR/FLEX,3000,SF@WAS 10/20/2019 01:00PM ET,SF,3.16,#N/A,,,Miles Boykin,2800,2800,450
WR,Kendrick Bourne (13565386),Kendrick Bourne,13565386,WR/FLEX,3000,SF@WAS 10/20/2019 01:00PM ET,SF,2.6,950,,,Gus Edwards,2800,2800,450
RB,D.J. Foster (13565122),D.J. Foster,13565122,RB/FLEX,3000,ARI@NYG 10/20/2019 01:00PM ET,ARI,0,2200,,,Any Other Baltimore Ravens Player,2800,2800,450
WR,Trent Sherfield (13565378),Trent Sherfield,13565378,WR/FLEX,3000,ARI@NYG 10/20/2019 01:00PM ET,ARI,1.77,850,,,Rashaad Penny,3300,3300,550
WR,Cody Core (13565380),Cody Core,13565380,WR/FLEX,3000,ARI@NYG 10/20/2019 01:00PM ET,NYG,0.97,2200,,,Hayden Hurst,3300,3300,550
RB,Taiwan Jones (13565116),Taiwan Jones,13565116,RB/FLEX,3000,HOU@IND 10/20/2019 01:00PM ET,HOU,0,2200,,,Seth Roberts,3500,3500,600
RB,Buddy Howell (13565118),Buddy Howell,13565118,RB/FLEX,3000,HOU@IND 10/20/2019 01:00PM ET,HOU,0,2200,,,Nick Boyle,4000,4000,700
RB,Cullen Gillaspia (13565120),Cullen Gillaspia,13565120,RB/FLEX,3000,HOU@IND 10/20/2019 01:00PM ET,HOU,0,2200,,,David Moore,4500,4500,850
WR,Ashton Dulin (13565374),Ashton Dulin,13565374,WR/FLEX,3000,HOU@IND 10/20/2019 01:00PM ET,IND,0,2200,,,Justice Hill,4500,4500,800
WR,Devin Funchess (13565376),Devin Funchess,13565376,WR/FLEX,3000,HOU@IND 10/20/2019 01:00PM ET,IND,6.2,#N/A,,,Chris Moore,7500,7500,1400
DST,Texans  (13565569),Texans ,13565569,DST,3000,HOU@IND 10/20/2019 01:00PM ET,HOU,7.33,#N/A,,,C.J. Prosise,8000,8000,1400
RB,Danny Vitale (13565114),Danny Vitale,13565114,RB/FLEX,3000,OAK@GB 10/20/2019 01:00PM ET,GB,1.57,#N/A,,,Patrick Ricard,8000,8000,1400
WR,Dwayne Harris (13565366),Dwayne Harris,13565366,WR/FLEX,3000,OAK@GB 10/20/2019 01:00PM ET,OAK,0.85,1000,,,Jacob Hollister,8000,8000,1400
WR,Keelan Doss (13565368),Keelan Doss,13565368,WR/FLEX,3000,OAK@GB 10/20/2019 01:00PM ET,OAK,1.38,800,,,Gary Jennings,10000,10000,2200
WR,Jalin Marshall (13565370),Jalin Marshall,13565370,WR/FLEX,3000,OAK@GB 10/20/2019 01:00PM ET,OAK,0,#N/A,,,Malik Turner,10000,10000,2200
WR,Allen Lazard (13565372),Allen Lazard,13565372,WR/FLEX,3000,OAK@GB 10/20/2019 01:00PM ET,GB,2.75,220,,,John Ursua,10000,10000,2200
RB,Ameer Abdullah (13565104),Ameer Abdullah,13565104,RB/FLEX,3000,MIN@DET 10/20/2019 01:00PM ET,MIN,1.13,1400,,,Nick Bellore,10000,10000,2200
RB,Mike Boone (13565106),Mike Boone,13565106,RB/FLEX,3000,MIN@DET 10/20/2019 01:00PM ET,MIN,0.47,2200,,,Travis Homer,10000,10000,2200
RB,C.J. Ham (13565108),C.J. Ham,13565108,RB/FLEX,3000,MIN@DET 10/20/2019 01:00PM ET,MIN,0.98,2200,,,Jaleel Scott,10000,10000,2200
RB,J.D. McKissic (13565110),J.D. McKissic,13565110,RB/FLEX,3000,MIN@DET 10/20/2019 01:00PM ET,DET,3.44,600,,,Alvin Kamara,550,550,110
RB,Nick Bawden (13565112),Nick Bawden,13565112,RB/FLEX,3000,MIN@DET 10/20/2019 01:00PM ET,DET,0.88,2200,,,David Montgomery,700,700,135
WR,Olabisi Johnson (13565362),Olabisi Johnson,13565362,WR/FLEX,3000,MIN@DET 10/20/2019 01:00PM ET,MIN,3.07,800,,,Allen Robinson II,700,700,130
WR,Laquon Treadwell (13565364),Laquon Treadwell,13565364,WR/FLEX,3000,MIN@DET 10/20/2019 01:00PM ET,MIN,0.83,1200,,,Latavius Murray,700,700,140
RB,Tyler Ervin (13565096),Tyler Ervin,13565096,RB/FLEX,3000,JAX@CIN 10/20/2019 01:00PM ET,JAX,0,2200,,,Michael Thomas,850,850,175
RB,Devine Ozigbo (13565098),Devine Ozigbo,13565098,RB/FLEX,3000,JAX@CIN 10/20/2019 01:00PM ET,JAX,0,2200,,,Tarik Cohen,1050,1050,200
RB,Roc Thomas (13565100),Roc Thomas,13565100,RB/FLEX,3000,JAX@CIN 10/20/2019 01:00PM ET,JAX,0,#N/A,,,Taylor Gabriel,1300,1300,285
RB,Trayveon Williams (13565102),Trayveon Williams,13565102,RB/FLEX,3000,JAX@CIN 10/20/2019 01:00PM ET,CIN,0,2200,,,Jared Cook,1500,1500,325
WR,C.J. Board (13565358),C.J. Board,13565358,WR/FLEX,3000,JAX@CIN 10/20/2019 01:00PM ET,JAX,0,750,,,Josh Hill,1500,1500,325
WR,Damion Willis (13565360),Damion Willis,13565360,WR/FLEX,3000,JAX@CIN 10/20/2019 01:00PM ET,CIN,2.87,900,,,Ted Ginn Jr.,1500,1500,325
TE,Tyler Eifert (13565442),Tyler Eifert,13565442,TE/FLEX,3000,JAX@CIN 10/20/2019 01:00PM ET,CIN,5.3,400,,,Trey Burton,2000,2000,450
RB,Chandler Cox (13565088),Chandler Cox,13565088,RB/FLEX,3000,MIA@BUF 10/20/2019 01:00PM ET,MIA,0,2200,,,Anthony Miller,2200,2200,500
RB,Patrick Laird (13565090),Patrick Laird,13565090,RB/FLEX,3000,MIA@BUF 10/20/2019 01:00PM ET,MIA,0,2200,,,Any Other Chicago Bears Player,2200,2200,500
RB,Myles Gaskin (13565092),Myles Gaskin,13565092,RB/FLEX,3000,MIA@BUF 10/20/2019 01:00PM ET,MIA,0,2200,,,Tre'Quan Smith,2500,2500,600
RB,Patrick DiMarco (13565094),Patrick DiMarco,13565094,RB/FLEX,3000,MIA@BUF 10/20/2019 01:00PM ET,BUF,0.86,2200,,,Taysom Hill,2500,2500,600
WR,Andre Roberts (13565356),Andre Roberts,13565356,WR/FLEX,3000,MIA@BUF 10/20/2019 01:00PM ET,BUF,0.77,1800,,,Mitchell Trubisky,3000,3000,700
TE,Tyler Kroft (13565448),Tyler Kroft,13565448,TE/FLEX,3000,MIA@BUF 10/20/2019 01:00PM ET,BUF,0,425,,,Any Other New Orleans Saints Player,3000,3000,700
RB,Kenjon Barner (13565082),Kenjon Barner,13565082,RB/FLEX,3000,LAR@ATL 10/20/2019 01:00PM ET,ATL,0.35,2200,,,Cordarrelle Patterson,3300,3300,750
RB,Brian Hill (13565084),Brian Hill,13565084,RB/FLEX,3000,LAR@ATL 10/20/2019 01:00PM ET,ATL,0,#N/A,,,Dwayne Washington,3500,3500,850
RB,Keith Smith (13565086),Keith Smith,13565086,RB/FLEX,3000,LAR@ATL 10/20/2019 01:00PM ET,ATL,0.03,2200,,,Zach Zenner,3500,3500,850
WR,JoJo Natson (13565346),JoJo Natson,13565346,WR/FLEX,3000,LAR@ATL 10/20/2019 01:00PM ET,LAR,0,2200,,,Teddy Bridgewater,4000,4000,1000
WR,Mike Thomas (13565348),Mike Thomas,13565348,WR/FLEX,3000,LAR@ATL 10/20/2019 01:00PM ET,LAR,0,2200,,,Adam Shaheen,4500,4500,1050
WR,Justin Hardy (13565350),Justin Hardy,13565350,WR/FLEX,3000,LAR@ATL 10/20/2019 01:00PM ET,ATL,1.87,1000,,,Javon Wims,4500,4500,1050
WR,Russell Gage (13565352),Russell Gage,13565352,WR/FLEX,3000,LAR@ATL 10/20/2019 01:00PM ET,ATL,1,2200,,,J.P. Holtz,4500,4500,1050
WR,Olamide Zaccheaus (13565354),Olamide Zaccheaus,13565354,WR/FLEX,3000,LAR@ATL 10/20/2019 01:00PM ET,ATL,0,2200,,,Chase Daniel,6000,6000,1300
TE,Nick Boyle (13565454),Nick Boyle,13565454,TE/FLEX,2900,BAL@SEA 10/20/2019 04:25PM ET,BAL,3.92,700,,,Austin Carr,7000,7000,1600
TE,Jacob Hollister (13565458),Jacob Hollister,13565458,TE/FLEX,2900,BAL@SEA 10/20/2019 04:25PM ET,SEA,0,1400,,,Lil'Jordan Humphrey,7000,7000,1600
DST,Saints  (13565571),Saints ,13565571,DST,2900,NO@CHI 10/20/2019 04:25PM ET,NO,9,#N/A,,,Bradley Sowell,10000,10000,2200
TE,Kyle Rudolph (13565452),Kyle Rudolph,13565452,TE/FLEX,2900,MIN@DET 10/20/2019 01:00PM ET,MIN,2.7,350,,,Riley Ridley,10000,10000,2200
TE,Geoff Swaim (13565456),Geoff Swaim,13565456,TE/FLEX,2900,JAX@CIN 10/20/2019 01:00PM ET,JAX,3.25,#N/A,,,Ben Braunecker,10000,10000,2200
TE,Tyler Higbee (13565450),Tyler Higbee,13565450,TE/FLEX,2900,LAR@ATL 10/20/2019 01:00PM ET,LAR,7.48,325,,,Mike Davis,10000,10000,2200
DST,Seahawks  (13565572),Seahawks ,13565572,DST,2800,BAL@SEA 10/20/2019 04:25PM ET,SEA,7.5,#N/A,,,Zach Line,10000,10000,2200
TE,Lance Kendricks (13565462),Lance Kendricks,13565462,TE/FLEX,2800,LAC@TEN 10/20/2019 04:05PM ET,LAC,2,2200,,,Deonte Harris,10000,10000,2200
TE,Jonnu Smith (13565464),Jonnu Smith,13565464,TE/FLEX,2800,LAC@TEN 10/20/2019 04:05PM ET,TEN,2.78,1400,,,Brian Parker,10000,10000,2200
TE,Josh Oliver (13565460),Josh Oliver,13565460,TE/FLEX,2800,JAX@CIN 10/20/2019 01:00PM ET,JAX,0,600,,,Ezekiel Elliott,450,450,-200
TE,Virgil Green (13565472),Virgil Green,13565472,TE/FLEX,2700,LAC@TEN 10/20/2019 04:05PM ET,LAC,1.46,1100,,,Jordan Howard,800,800,100
TE,Maxx Williams (13565474),Maxx Williams,13565474,TE/FLEX,2700,ARI@NYG 10/20/2019 01:00PM ET,ARI,3.8,700,,,Amari Cooper,900,900,130
TE,Foster Moreau (13565468),Foster Moreau,13565468,TE/FLEX,2700,OAK@GB 10/20/2019 01:00PM ET,OAK,5.14,400,,,Michael Gallup,1000,1000,140
TE,Marcedes Lewis (13565470),Marcedes Lewis,13565470,TE/FLEX,2700,OAK@GB 10/20/2019 01:00PM ET,GB,3.48,550,,,Alshon Jeffrey,1000,1000,145
TE,Jesse James (13565466),Jesse James,13565466,TE/FLEX,2700,MIN@DET 10/20/2019 01:00PM ET,DET,2.28,850,,,Jason Witten,1100,1100,165
DST,Rams  (13565573),Rams ,13565573,DST,2700,LAR@ATL 10/20/2019 01:00PM ET,LAR,6.83,#N/A,,,Zach Ertz,1100,1100,160
TE,Adam Shaheen (13565476),Adam Shaheen,13565476,TE/FLEX,2600,NO@CHI 10/20/2019 04:25PM ET,CHI,2.4,1050,,,Miles Sanders,1200,1200,200
TE,Josh Hill (13565496),Josh Hill,13565496,TE/FLEX,2600,NO@CHI 10/20/2019 04:25PM ET,NO,2.8,325,,,Dak Prescott,1500,1500,225
TE,Bradley Sowell (13565498),Bradley Sowell,13565498,TE/FLEX,2600,NO@CHI 10/20/2019 04:25PM ET,CHI,0,2200,,,Tavon Austin,1800,1800,300
TE,Jeremy Sprinkle (13565490),Jeremy Sprinkle,13565490,TE/FLEX,2600,SF@WAS 10/20/2019 01:00PM ET,WAS,3.15,400,,,Nelson Agholor,1800,1800,300
TE,Jerome Cunningham (13565492),Jerome Cunningham,13565492,TE/FLEX,2600,SF@WAS 10/20/2019 01:00PM ET,WAS,0,#N/A,,,Devin Smith,2000,2000,325
TE,Hale Hentges (13565494),Hale Hentges,13565494,TE/FLEX,2600,SF@WAS 10/20/2019 01:00PM ET,WAS,0,1800,,,Dallas Goedert,2000,2000,325
TE,Charles Clay (13565486),Charles Clay,13565486,TE/FLEX,2600,ARI@NYG 10/20/2019 01:00PM ET,ARI,2.13,600,,,Cedrick Wilson,2200,2200,400
TE,Darrell Daniels (13565488),Darrell Daniels,13565488,TE/FLEX,2600,ARI@NYG 10/20/2019 01:00PM ET,ARI,0,#N/A,,,Blake Jarwin,2500,2500,425
TE,Irv Smith Jr. (13565478),Irv Smith Jr.,13565478,TE/FLEX,2600,MIN@DET 10/20/2019 01:00PM ET,MIN,2.72,800,,,Randall Cobb,2500,2500,425
TE,Ben Koyack (13565482),Ben Koyack,13565482,TE/FLEX,2600,JAX@CIN 10/20/2019 01:00PM ET,JAX,0,1500,,,Any Other Dallas Cowboys Player,2500,2500,450
TE,C.J. Uzomah (13565484),C.J. Uzomah,13565484,TE/FLEX,2600,JAX@CIN 10/20/2019 01:00PM ET,CIN,3.13,525,,,Any Other PHI Eagles Player,2500,2500,450
TE,Mike Gesicki (13565480),Mike Gesicki,13565480,TE/FLEX,2600,MIA@BUF 10/20/2019 01:00PM ET,MIA,3.84,800,,,Mack Hollins,3000,3000,525
TE,Will Dissly (13565506),Will Dissly,13565506,TE/FLEX,2500,BAL@SEA 10/20/2019 04:25PM ET,SEA,12.32,#N/A,,,Tony Pollard,3500,3500,550
TE,Tyler Ott (13565560),Tyler Ott,13565560,TE/FLEX,2500,BAL@SEA 10/20/2019 04:25PM ET,SEA,0,#N/A,,,Carson Wentz,4000,4000,650
TE,Ben Braunecker (13565502),Ben Braunecker,13565502,TE/FLEX,2500,NO@CHI 10/20/2019 04:25PM ET,CHI,0.88,2200,,,JJ Arcega-Whiteside,7000,7000,1200
TE,J.P. Holtz (13565556),J.P. Holtz,13565556,TE/FLEX,2500,NO@CHI 10/20/2019 04:25PM ET,CHI,1.08,1050,,,Boston Scott,7000,7000,1200
TE,Patrick Scales (13565558),Patrick Scales,13565558,TE/FLEX,2500,NO@CHI 10/20/2019 04:25PM ET,CHI,0,#N/A,,,Dalton Schultz,10000,10000,2200
TE,MyCole Pruitt (13565550),MyCole Pruitt,13565550,TE/FLEX,2500,LAC@TEN 10/20/2019 04:05PM ET,TEN,0,2200,,,Jamize Olawale,10000,10000,2200
TE,Anthony Firkser (13565552),Anthony Firkser,13565552,TE/FLEX,2500,LAC@TEN 10/20/2019 04:05PM ET,TEN,0.7,2200,,,Ventell Bryant,10000,10000,1800
TE,Beau Brinkley (13565554),Beau Brinkley,13565554,TE/FLEX,2500,LAC@TEN 10/20/2019 04:05PM ET,TEN,0,#N/A,,,Le'Veon Bell,550,550,-139
TE,Ross Dwelley (13565544),Ross Dwelley,13565544,TE/FLEX,2500,SF@WAS 10/20/2019 01:00PM ET,SF,0.34,2200,,,Sony Michel,550,550,-125
TE,Levine Toilolo (13565546),Levine Toilolo,13565546,TE/FLEX,2500,SF@WAS 10/20/2019 01:00PM ET,SF,0.36,1200,,,Julian Edelman,950,950,160
TE,Garrison Sanborn (13565548),Garrison Sanborn,13565548,TE/FLEX,2500,SF@WAS 10/20/2019 01:00PM ET,SF,0,#N/A,,,James White,1050,1050,180
TE,Kaden Smith (13565500),Kaden Smith,13565500,TE/FLEX,2500,ARI@NYG 10/20/2019 01:00PM ET,NYG,0,2200,,,Brandon Bolden,1100,1100,200
TE,Garrett Dickerson (13565542),Garrett Dickerson,13565542,TE/FLEX,2500,ARI@NYG 10/20/2019 01:00PM ET,NYG,0,2200,,,Phillip Dorsett,1200,1200,200
DST,Giants  (13565574),Giants ,13565574,DST,2500,ARI@NYG 10/20/2019 01:00PM ET,NYG,7.67,#N/A,,,Josh Gordon,1300,1300,225
TE,Mo Alie-Cox (13565538),Mo Alie-Cox,13565538,TE/FLEX,2500,HOU@IND 10/20/2019 01:00PM ET,IND,1.56,2200,,,Rex Burkhead,1300,1300,225
TE,Logan Paulsen (13565540),Logan Paulsen,13565540,TE/FLEX,2500,HOU@IND 10/20/2019 01:00PM ET,HOU,0,2200,,,Any Other New England Patriots Player,1600,1600,300
TE,Derek Carrier (13565534),Derek Carrier,13565534,TE/FLEX,2500,OAK@GB 10/20/2019 01:00PM ET,OAK,2.1,2200,,,Robby Anderson,1800,1800,325
TE,Robert Tonyan (13565536),Robert Tonyan,13565536,TE/FLEX,2500,OAK@GB 10/20/2019 01:00PM ET,GB,2.12,2200,,,Jakobi Meyers,2000,2000,350
TE,Tyler Conklin (13565530),Tyler Conklin,13565530,TE/FLEX,2500,MIN@DET 10/20/2019 01:00PM ET,MIN,0,2200,,,Jamison Crowder,2200,2200,400
TE,Logan Thomas (13565532),Logan Thomas,13565532,TE/FLEX,2500,MIN@DET 10/20/2019 01:00PM ET,DET,1.94,1100,,,Ryan Izzo,2200,2200,400
TE,Seth DeValve (13565520),Seth DeValve,13565520,TE/FLEX,2500,JAX@CIN 10/20/2019 01:00PM ET,JAX,0.43,260,,,Demaryius Thomas,2500,2500,500
TE,Matt Orzech (13565522),Matt Orzech,13565522,TE/FLEX,2500,JAX@CIN 10/20/2019 01:00PM ET,JAX,0,#N/A,,,Christopher Herndon,2500,2500,450
TE,Drew Sample (13565524),Drew Sample,13565524,TE/FLEX,2500,JAX@CIN 10/20/2019 01:00PM ET,CIN,0.9,1800,,,Benjamin Watson,2500,2500,550
TE,Cethan Carter (13565526),Cethan Carter,13565526,TE/FLEX,2500,JAX@CIN 10/20/2019 01:00PM ET,CIN,0,2200,,,Tom Brady,2500,2500,500
TE,Clark Harris (13565528),Clark Harris,13565528,TE/FLEX,2500,JAX@CIN 10/20/2019 01:00PM ET,CIN,0,#N/A,,,Ryan Griffin,3300,3300,550
TE,Durham Smythe (13565504),Durham Smythe,13565504,TE/FLEX,2500,MIA@BUF 10/20/2019 01:00PM ET,MIA,0.68,2200,,,Any Other New York Jets Player,3300,3300,600
TE,Nick O'Leary (13565514),Nick O'Leary,13565514,TE/FLEX,2500,MIA@BUF 10/20/2019 01:00PM ET,MIA,1.54,2000,,,Gunner Olszewski,3500,3500,700
TE,Lee Smith (13565516),Lee Smith,13565516,TE/FLEX,2500,MIA@BUF 10/20/2019 01:00PM ET,BUF,1.92,1800,,,Ty Montgomery,4500,4500,850
TE,Tommy Sweeney (13565518),Tommy Sweeney,13565518,TE/FLEX,2500,MIA@BUF 10/20/2019 01:00PM ET,BUF,1.36,1400,,,Sam Darnold,4500,4500,900
TE,Johnny Mundt (13565508),Johnny Mundt,13565508,TE/FLEX,2500,LAR@ATL 10/20/2019 01:00PM ET,LAR,0,2200,,,Matt LaCosse,5000,5000,1100
TE,Luke Stocker (13565510),Luke Stocker,13565510,TE/FLEX,2500,LAR@ATL 10/20/2019 01:00PM ET,ATL,1.1,2200,,,Eric Tomlinson,5000,5000,1050
TE,Jaeden Graham (13565512),Jaeden Graham,13565512,TE/FLEX,2500,LAR@ATL 10/20/2019 01:00PM ET,ATL,0.52,2200,,,Josh Bellamy,7000,7000,1500
DST,Cardinals  (13565575),Cardinals ,13565575,DST,2400,ARI@NYG 10/20/2019 01:00PM ET,ARI,2.5,#N/A,,,Bilal Powell,10000,10000,2200
DST,Lions  (13565577),Lions ,13565577,DST,2300,MIN@DET 10/20/2019 01:00PM ET,DET,8.2,#N/A,,,Daniel Brown,10000,10000,2200
DST,Falcons  (13565576),Falcons ,13565576,DST,2300,LAR@ATL 10/20/2019 01:00PM ET,ATL,1.33,#N/A,,,Trevon Wesco,10000,10000,2200
DST,Ravens  (13565578),Ravens ,13565578,DST,2200,BAL@SEA 10/20/2019 04:25PM ET,BAL,4.33,#N/A,,,Braxton Berrios,10000,10000,2200
DST,Bengals  (13565579),Bengals ,13565579,DST,2100,JAX@CIN 10/20/2019 01:00PM ET,CIN,3.5,#N/A,,,Vyncint Smith,10000,10000,2200
DST,Colts  (13565580),Colts ,13565580,DST,2000,HOU@IND 10/20/2019 01:00PM ET,IND,5.4,#N/A,,,Trenton Cannon,10000,10000,2200
DST,Raiders  (13565581),Raiders ,13565581,DST,1900,OAK@GB 10/20/2019 01:00PM ET,OAK,4.8,#N/A,,,Damien Harris,10000,10000,2200
DST,Redskins  (13565582),Redskins ,13565582,DST,1700,SF@WAS 10/20/2019 01:00PM ET,WAS,5.17,#N/A,,,,,,
DST,Dolphins  (13565583),Dolphins ,13565583,DST,1500,MIA@BUF 10/20/2019 01:00PM ET,MIA,0.6,#N/A,,,,,,
,,,,,,,,,,,,,,,
,,,,,,,,,,,,,,,
,,,,,,,,,,,,,,,
,18,,,,,,,,,,,,,,
,6,,,,,,,,,,,,,,
,364,,,,,,,,,,,,,,
,45,,,,,,,,,,,,,,
,6,,,,,,,,,,,,,,
,3,,,,,,,,,,,,,,
,31842720,,,,,,,,,,,,,,
