Angelique Kerber (14187348),Andrey Rublev (14187346),Anett Kontaveit (14187345),Garbine Muguruza (14187344),Simona Halep (14187343),Dominic Thiem (14187342),49700,0.0432741,0
Angelique Kerber (14187348),Andrey Rublev (14187346),Anett Kontaveit (14187345),Garbine Muguruza (14187344),Simona Halep (14187343),Daniil Medvedev (14187341),50000,0.0450709,0

Alexander Zverev (14187349),Anastasia Pavlyuchenkova (14187347),Anett Kontaveit (14187345),Garbine Muguruza (14187344),Simona Halep (14187343),Dominic Thiem (14187342),49400,0.0425969,0
Alexander Zverev (14187349),Anastasia Pavlyuchenkova (14187347),Anett Kontaveit (14187345),Garbine Muguruza (14187344),Simona Halep (14187343),Daniil Medvedev (14187341),49700,0.0443656,0

Iga Swiatek (14187350),Anastasia Pavlyuchenkova (14187347),Andrey Rublev (14187346),Garbine Muguruza (14187344),Simona Halep (14187343),Dominic Thiem (14187342),49100,0.0391223,0
Iga Swiatek (14187350),Anastasia Pavlyuchenkova (14187347),Andrey Rublev (14187346),Garbine Muguruza (14187344),Simona Halep (14187343),Daniil Medvedev (14187341),49400,0.0407468,0
Iga Swiatek (14187350),Anastasia Pavlyuchenkova (14187347),Andrey Rublev (14187346),Garbine Muguruza (14187344),Simona Halep (14187343),Rafael Nadal (14187340),50000,0.0442724,0

Kiki Bertens (14187351),Anastasia Pavlyuchenkova (14187347),Andrey Rublev (14187346),Anett Kontaveit (14187345),Simona Halep (14187343),Dominic Thiem (14187342),48800,0.0351475,0
Kiki Bertens (14187351),Anastasia Pavlyuchenkova (14187347),Andrey Rublev (14187346),Anett Kontaveit (14187345),Simona Halep (14187343),Daniil Medvedev (14187341),49100,0.0366069,0
Kiki Bertens (14187351),Anastasia Pavlyuchenkova (14187347),Andrey Rublev (14187346),Anett Kontaveit (14187345),Dominic Thiem (14187342),Daniil Medvedev (14187341),49900,0.0428486,0
Kiki Bertens (14187351),Anastasia Pavlyuchenkova (14187347),Andrey Rublev (14187346),Anett Kontaveit (14187345),Simona Halep (14187343),Rafael Nadal (14187340),49700,0.0397743,0

Elise Mertens (14187352),Anastasia Pavlyuchenkova (14187347),Andrey Rublev (14187346),Anett Kontaveit (14187345),Garbine Muguruza (14187344),Dominic Thiem (14187342),48000,0.0299131,0
Elise Mertens (14187352),Anastasia Pavlyuchenkova (14187347),Andrey Rublev (14187346),Anett Kontaveit (14187345),Garbine Muguruza (14187344),Daniil Medvedev (14187341),48300,0.0311551,0
Elise Mertens (14187352),Anastasia Pavlyuchenkova (14187347),Andrey Rublev (14187346),Anett Kontaveit (14187345),Dominic Thiem (14187342),Daniil Medvedev (14187341),49500,0.0388921,0
Elise Mertens (14187352),Anastasia Pavlyuchenkova (14187347),Andrey Rublev (14187346),Garbine Muguruza (14187344),Dominic Thiem (14187342),Daniil Medvedev (14187341),49700,0.0407087,0
Elise Mertens (14187352),Anastasia Pavlyuchenkova (14187347),Anett Kontaveit (14187345),Garbine Muguruza (14187344),Dominic Thiem (14187342),Daniil Medvedev (14187341),49800,0.0422846,0
Elise Mertens (14187352),Andrey Rublev (14187346),Anett Kontaveit (14187345),Garbine Muguruza (14187344),Dominic Thiem (14187342),Daniil Medvedev (14187341),50000,0.0425518,0
Elise Mertens (14187352),Anastasia Pavlyuchenkova (14187347),Andrey Rublev (14187346),Anett Kontaveit (14187345),Garbine Muguruza (14187344),Rafael Nadal (14187340),48900,0.0338508,0

Gael Monfils (14187353),Anastasia Pavlyuchenkova (14187347),Andrey Rublev (14187346),Anett Kontaveit (14187345),Garbine Muguruza (14187344),Simona Halep (14187343),46400,0.0192439,0
Gael Monfils (14187353),Anastasia Pavlyuchenkova (14187347),Andrey Rublev (14187346),Anett Kontaveit (14187345),Garbine Muguruza (14187344),Daniil Medvedev (14187341),47500,0.0234604,0
Gael Monfils (14187353),Anastasia Pavlyuchenkova (14187347),Andrey Rublev (14187346),Anett Kontaveit (14187345),Simona Halep (14187343),Daniil Medvedev (14187341),47900,0.0250204,0
Gael Monfils (14187353),Anastasia Pavlyuchenkova (14187347),Andrey Rublev (14187346),Garbine Muguruza (14187344),Simona Halep (14187343),Daniil Medvedev (14187341),48100,0.026189,0
Gael Monfils (14187353),Anastasia Pavlyuchenkova (14187347),Anett Kontaveit (14187345),Garbine Muguruza (14187344),Simona Halep (14187343),Daniil Medvedev (14187341),48200,0.0272029,0
Gael Monfils (14187353),Andrey Rublev (14187346),Anett Kontaveit (14187345),Garbine Muguruza (14187344),Simona Halep (14187343),Daniil Medvedev (14187341),48400,0.0273747,0
Gael Monfils (14187353),Anastasia Pavlyuchenkova (14187347),Andrey Rublev (14187346),Anett Kontaveit (14187345),Garbine Muguruza (14187344),Rafael Nadal (14187340),48100,0.0254903,0
Gael Monfils (14187353),Anastasia Pavlyuchenkova (14187347),Andrey Rublev (14187346),Anett Kontaveit (14187345),Simona Halep (14187343),Rafael Nadal (14187340),48500,0.0271853,0
Gael Monfils (14187353),Anastasia Pavlyuchenkova (14187347),Andrey Rublev (14187346),Garbine Muguruza (14187344),Simona Halep (14187343),Rafael Nadal (14187340),48700,0.028455,0
Gael Monfils (14187353),Anastasia Pavlyuchenkova (14187347),Anett Kontaveit (14187345),Garbine Muguruza (14187344),Simona Halep (14187343),Rafael Nadal (14187340),48800,0.0295566,0
Gael Monfils (14187353),Andrey Rublev (14187346),Anett Kontaveit (14187345),Garbine Muguruza (14187344),Simona Halep (14187343),Rafael Nadal (14187340),49000,0.0297433,0
Gael Monfils (14187353),Anastasia Pavlyuchenkova (14187347),Andrey Rublev (14187346),Anett Kontaveit (14187345),Daniil Medvedev (14187341),Rafael Nadal (14187340),49600,0.0331418,0
Gael Monfils (14187353),Anastasia Pavlyuchenkova (14187347),Andrey Rublev (14187346),Garbine Muguruza (14187344),Daniil Medvedev (14187341),Rafael Nadal (14187340),49800,0.0346898,0
Gael Monfils (14187353),Anastasia Pavlyuchenkova (14187347),Anett Kontaveit (14187345),Garbine Muguruza (14187344),Daniil Medvedev (14187341),Rafael Nadal (14187340),49900,0.0360327,0

Stan Wawrinka (14187354),Anastasia Pavlyuchenkova (14187347),Andrey Rublev (14187346),Anett Kontaveit (14187345),Garbine Muguruza (14187344),Simona Halep (14187343),46000,0.0171995,0
Stan Wawrinka (14187354),Anastasia Pavlyuchenkova (14187347),Andrey Rublev (14187346),Anett Kontaveit (14187345),Garbine Muguruza (14187344),Dominic Thiem (14187342),46800,0.0201322,0
Stan Wawrinka (14187354),Anastasia Pavlyuchenkova (14187347),Andrey Rublev (14187346),Anett Kontaveit (14187345),Simona Halep (14187343),Dominic Thiem (14187342),47200,0.0214708,0
Stan Wawrinka (14187354),Anastasia Pavlyuchenkova (14187347),Andrey Rublev (14187346),Garbine Muguruza (14187344),Simona Halep (14187343),Dominic Thiem (14187342),47400,0.0224737,0
Stan Wawrinka (14187354),Anastasia Pavlyuchenkova (14187347),Anett Kontaveit (14187345),Garbine Muguruza (14187344),Simona Halep (14187343),Dominic Thiem (14187342),47500,0.0233437,0
Stan Wawrinka (14187354),Andrey Rublev (14187346),Anett Kontaveit (14187345),Garbine Muguruza (14187344),Simona Halep (14187343),Dominic Thiem (14187342),47700,0.0234911,0
Stan Wawrinka (14187354),Anastasia Pavlyuchenkova (14187347),Andrey Rublev (14187346),Anett Kontaveit (14187345),Garbine Muguruza (14187344),Rafael Nadal (14187340),47700,0.0227824,0
Stan Wawrinka (14187354),Anastasia Pavlyuchenkova (14187347),Andrey Rublev (14187346),Anett Kontaveit (14187345),Simona Halep (14187343),Rafael Nadal (14187340),48100,0.0242972,0
Stan Wawrinka (14187354),Anastasia Pavlyuchenkova (14187347),Andrey Rublev (14187346),Garbine Muguruza (14187344),Simona Halep (14187343),Rafael Nadal (14187340),48300,0.0254321,0
Stan Wawrinka (14187354),Anastasia Pavlyuchenkova (14187347),Anett Kontaveit (14187345),Garbine Muguruza (14187344),Simona Halep (14187343),Rafael Nadal (14187340),48400,0.0264166,0
Stan Wawrinka (14187354),Andrey Rublev (14187346),Anett Kontaveit (14187345),Garbine Muguruza (14187344),Simona Halep (14187343),Rafael Nadal (14187340),48600,0.0265835,0
Stan Wawrinka (14187354),Anastasia Pavlyuchenkova (14187347),Andrey Rublev (14187346),Anett Kontaveit (14187345),Dominic Thiem (14187342),Rafael Nadal (14187340),48900,0.0284401,0
Stan Wawrinka (14187354),Anastasia Pavlyuchenkova (14187347),Andrey Rublev (14187346),Garbine Muguruza (14187344),Dominic Thiem (14187342),Rafael Nadal (14187340),49100,0.0297684,0
Stan Wawrinka (14187354),Anastasia Pavlyuchenkova (14187347),Anett Kontaveit (14187345),Garbine Muguruza (14187344),Dominic Thiem (14187342),Rafael Nadal (14187340),49200,0.0309209,0
Stan Wawrinka (14187354),Andrey Rublev (14187346),Anett Kontaveit (14187345),Garbine Muguruza (14187344),Dominic Thiem (14187342),Rafael Nadal (14187340),49400,0.0311162,0
Stan Wawrinka (14187354),Anastasia Pavlyuchenkova (14187347),Andrey Rublev (14187346),Simona Halep (14187343),Dominic Thiem (14187342),Rafael Nadal (14187340),49500,0.0317478,0
Stan Wawrinka (14187354),Anastasia Pavlyuchenkova (14187347),Anett Kontaveit (14187345),Simona Halep (14187343),Dominic Thiem (14187342),Rafael Nadal (14187340),49600,0.0329769,0
Stan Wawrinka (14187354),Andrey Rublev (14187346),Anett Kontaveit (14187345),Simona Halep (14187343),Dominic Thiem (14187342),Rafael Nadal (14187340),49800,0.0331852,0
Stan Wawrinka (14187354),Anastasia Pavlyuchenkova (14187347),Garbine Muguruza (14187344),Simona Halep (14187343),Dominic Thiem (14187342),Rafael Nadal (14187340),49800,0.0345172,0
Stan Wawrinka (14187354),Andrey Rublev (14187346),Garbine Muguruza (14187344),Simona Halep (14187343),Dominic Thiem (14187342),Rafael Nadal (14187340),50000,0.0347352,0

Nick Kyrgios (14187355),Anastasia Pavlyuchenkova (14187347),Andrey Rublev (14187346),Anett Kontaveit (14187345),Garbine Muguruza (14187344),Simona Halep (14187343),45400,0.0126134,0
Nick Kyrgios (14187355),Anastasia Pavlyuchenkova (14187347),Andrey Rublev (14187346),Anett Kontaveit (14187345),Garbine Muguruza (14187344),Dominic Thiem (14187342),46200,0.014764,0
Nick Kyrgios (14187355),Anastasia Pavlyuchenkova (14187347),Andrey Rublev (14187346),Anett Kontaveit (14187345),Simona Halep (14187343),Dominic Thiem (14187342),46600,0.0157458,0
Nick Kyrgios (14187355),Anastasia Pavlyuchenkova (14187347),Andrey Rublev (14187346),Garbine Muguruza (14187344),Simona Halep (14187343),Dominic Thiem (14187342),46800,0.0164812,0
Nick Kyrgios (14187355),Anastasia Pavlyuchenkova (14187347),Anett Kontaveit (14187345),Garbine Muguruza (14187344),Simona Halep (14187343),Dominic Thiem (14187342),46900,0.0171192,0
Nick Kyrgios (14187355),Andrey Rublev (14187346),Anett Kontaveit (14187345),Garbine Muguruza (14187344),Simona Halep (14187343),Dominic Thiem (14187342),47100,0.0172274,0
Nick Kyrgios (14187355),Anastasia Pavlyuchenkova (14187347),Andrey Rublev (14187346),Anett Kontaveit (14187345),Garbine Muguruza (14187344),Daniil Medvedev (14187341),46500,0.0153771,0
Nick Kyrgios (14187355),Anastasia Pavlyuchenkova (14187347),Andrey Rublev (14187346),Anett Kontaveit (14187345),Simona Halep (14187343),Daniil Medvedev (14187341),46900,0.0163996,0
Nick Kyrgios (14187355),Anastasia Pavlyuchenkova (14187347),Andrey Rublev (14187346),Garbine Muguruza (14187344),Simona Halep (14187343),Daniil Medvedev (14187341),47100,0.0171655,0
Nick Kyrgios (14187355),Anastasia Pavlyuchenkova (14187347),Anett Kontaveit (14187345),Garbine Muguruza (14187344),Simona Halep (14187343),Daniil Medvedev (14187341),47200,0.0178301,0
Nick Kyrgios (14187355),Andrey Rublev (14187346),Anett Kontaveit (14187345),Garbine Muguruza (14187344),Simona Halep (14187343),Daniil Medvedev (14187341),47400,0.0179427,0
Nick Kyrgios (14187355),Anastasia Pavlyuchenkova (14187347),Andrey Rublev (14187346),Anett Kontaveit (14187345),Dominic Thiem (14187342),Daniil Medvedev (14187341),47700,0.0191958,0
Nick Kyrgios (14187355),Anastasia Pavlyuchenkova (14187347),Andrey Rublev (14187346),Garbine Muguruza (14187344),Dominic Thiem (14187342),Daniil Medvedev (14187341),47900,0.0200924,0
Nick Kyrgios (14187355),Anastasia Pavlyuchenkova (14187347),Anett Kontaveit (14187345),Garbine Muguruza (14187344),Dominic Thiem (14187342),Daniil Medvedev (14187341),48000,0.0208702,0
Nick Kyrgios (14187355),Andrey Rublev (14187346),Anett Kontaveit (14187345),Garbine Muguruza (14187344),Dominic Thiem (14187342),Daniil Medvedev (14187341),48200,0.0210021,0
Nick Kyrgios (14187355),Anastasia Pavlyuchenkova (14187347),Andrey Rublev (14187346),Simona Halep (14187343),Dominic Thiem (14187342),Daniil Medvedev (14187341),48300,0.0214284,0
Nick Kyrgios (14187355),Anastasia Pavlyuchenkova (14187347),Anett Kontaveit (14187345),Simona Halep (14187343),Dominic Thiem (14187342),Daniil Medvedev (14187341),48400,0.022258,0
Nick Kyrgios (14187355),Andrey Rublev (14187346),Anett Kontaveit (14187345),Simona Halep (14187343),Dominic Thiem (14187342),Daniil Medvedev (14187341),48600,0.0223986,0
Nick Kyrgios (14187355),Anastasia Pavlyuchenkova (14187347),Garbine Muguruza (14187344),Simona Halep (14187343),Dominic Thiem (14187342),Daniil Medvedev (14187341),48600,0.0232976,0
Nick Kyrgios (14187355),Andrey Rublev (14187346),Garbine Muguruza (14187344),Simona Halep (14187343),Dominic Thiem (14187342),Daniil Medvedev (14187341),48800,0.0234447,0
Nick Kyrgios (14187355),Anett Kontaveit (14187345),Garbine Muguruza (14187344),Simona Halep (14187343),Dominic Thiem (14187342),Daniil Medvedev (14187341),48900,0.0243524,0

Alexander Zverev (14187349),Angelique Kerber (14187348),Anett Kontaveit (14187345),Garbine Muguruza (14187344),Simona Halep (14187343),Dominic Thiem (14187342),49300,0.0396752,0
Alexander Zverev (14187349),Angelique Kerber (14187348),Anett Kontaveit (14187345),Garbine Muguruza (14187344),Simona Halep (14187343),Daniil Medvedev (14187341),49600,0.0413226,0

Iga Swiatek (14187350),Angelique Kerber (14187348),Andrey Rublev (14187346),Garbine Muguruza (14187344),Simona Halep (14187343),Dominic Thiem (14187342),49000,0.0364389,0
Iga Swiatek (14187350),Angelique Kerber (14187348),Andrey Rublev (14187346),Garbine Muguruza (14187344),Simona Halep (14187343),Daniil Medvedev (14187341),49300,0.037952,0
Iga Swiatek (14187350),Angelique Kerber (14187348),Andrey Rublev (14187346),Garbine Muguruza (14187344),Simona Halep (14187343),Rafael Nadal (14187340),49900,0.0412358,0

Kiki Bertens (14187351),Angelique Kerber (14187348),Andrey Rublev (14187346),Anett Kontaveit (14187345),Simona Halep (14187343),Dominic Thiem (14187342),48700,0.0327367,0
Kiki Bertens (14187351),Angelique Kerber (14187348),Andrey Rublev (14187346),Anett Kontaveit (14187345),Simona Halep (14187343),Daniil Medvedev (14187341),49000,0.034096,0
Kiki Bertens (14187351),Angelique Kerber (14187348),Andrey Rublev (14187346),Anett Kontaveit (14187345),Dominic Thiem (14187342),Daniil Medvedev (14187341),49800,0.0399096,0
Kiki Bertens (14187351),Angelique Kerber (14187348),Andrey Rublev (14187346),Anett Kontaveit (14187345),Simona Halep (14187343),Rafael Nadal (14187340),49600,0.0370462,0

Elise Mertens (14187352),Angelique Kerber (14187348),Andrey Rublev (14187346),Anett Kontaveit (14187345),Garbine Muguruza (14187344),Dominic Thiem (14187342),47900,0.0278613,0
Elise Mertens (14187352),Angelique Kerber (14187348),Andrey Rublev (14187346),Anett Kontaveit (14187345),Garbine Muguruza (14187344),Daniil Medvedev (14187341),48200,0.0290182,0
Elise Mertens (14187352),Angelique Kerber (14187348),Andrey Rublev (14187346),Anett Kontaveit (14187345),Dominic Thiem (14187342),Daniil Medvedev (14187341),49400,0.0362245,0
Elise Mertens (14187352),Angelique Kerber (14187348),Andrey Rublev (14187346),Garbine Muguruza (14187344),Dominic Thiem (14187342),Daniil Medvedev (14187341),49600,0.0379165,0
Elise Mertens (14187352),Angelique Kerber (14187348),Anett Kontaveit (14187345),Garbine Muguruza (14187344),Dominic Thiem (14187342),Daniil Medvedev (14187341),49700,0.0393844,0
Elise Mertens (14187352),Angelique Kerber (14187348),Andrey Rublev (14187346),Anett Kontaveit (14187345),Garbine Muguruza (14187344),Rafael Nadal (14187340),48800,0.031529,0
Elise Mertens (14187352),Angelique Kerber (14187348),Andrey Rublev (14187346),Anett Kontaveit (14187345),Dominic Thiem (14187342),Rafael Nadal (14187340),50000,0.0393588,0

Gael Monfils (14187353),Angelique Kerber (14187348),Andrey Rublev (14187346),Anett Kontaveit (14187345),Garbine Muguruza (14187344),Simona Halep (14187343),46300,0.017924,0
Gael Monfils (14187353),Angelique Kerber (14187348),Andrey Rublev (14187346),Anett Kontaveit (14187345),Garbine Muguruza (14187344),Daniil Medvedev (14187341),47400,0.0218513,0
Gael Monfils (14187353),Angelique Kerber (14187348),Andrey Rublev (14187346),Anett Kontaveit (14187345),Simona Halep (14187343),Daniil Medvedev (14187341),47800,0.0233043,0
Gael Monfils (14187353),Angelique Kerber (14187348),Andrey Rublev (14187346),Garbine Muguruza (14187344),Simona Halep (14187343),Daniil Medvedev (14187341),48000,0.0243927,0
Gael Monfils (14187353),Angelique Kerber (14187348),Anett Kontaveit (14187345),Garbine Muguruza (14187344),Simona Halep (14187343),Daniil Medvedev (14187341),48100,0.0253371,0
Gael Monfils (14187353),Angelique Kerber (14187348),Andrey Rublev (14187346),Anett Kontaveit (14187345),Garbine Muguruza (14187344),Rafael Nadal (14187340),48000,0.023742,0
Gael Monfils (14187353),Angelique Kerber (14187348),Andrey Rublev (14187346),Anett Kontaveit (14187345),Simona Halep (14187343),Rafael Nadal (14187340),48400,0.0253206,0
Gael Monfils (14187353),Angelique Kerber (14187348),Andrey Rublev (14187346),Garbine Muguruza (14187344),Simona Halep (14187343),Rafael Nadal (14187340),48600,0.0265033,0
Gael Monfils (14187353),Angelique Kerber (14187348),Anett Kontaveit (14187345),Garbine Muguruza (14187344),Simona Halep (14187343),Rafael Nadal (14187340),48700,0.0275293,0
Gael Monfils (14187353),Angelique Kerber (14187348),Andrey Rublev (14187346),Anett Kontaveit (14187345),Daniil Medvedev (14187341),Rafael Nadal (14187340),49500,0.0308686,0
Gael Monfils (14187353),Angelique Kerber (14187348),Andrey Rublev (14187346),Garbine Muguruza (14187344),Daniil Medvedev (14187341),Rafael Nadal (14187340),49700,0.0323104,0
Gael Monfils (14187353),Angelique Kerber (14187348),Anett Kontaveit (14187345),Garbine Muguruza (14187344),Daniil Medvedev (14187341),Rafael Nadal (14187340),49800,0.0335613,0

Stan Wawrinka (14187354),Angelique Kerber (14187348),Andrey Rublev (14187346),Anett Kontaveit (14187345),Garbine Muguruza (14187344),Simona Halep (14187343),45900,0.0160198,0
Stan Wawrinka (14187354),Angelique Kerber (14187348),Andrey Rublev (14187346),Anett Kontaveit (14187345),Garbine Muguruza (14187344),Dominic Thiem (14187342),46700,0.0187513,0
Stan Wawrinka (14187354),Angelique Kerber (14187348),Andrey Rublev (14187346),Anett Kontaveit (14187345),Simona Halep (14187343),Dominic Thiem (14187342),47100,0.0199981,0
Stan Wawrinka (14187354),Angelique Kerber (14187348),Andrey Rublev (14187346),Garbine Muguruza (14187344),Simona Halep (14187343),Dominic Thiem (14187342),47300,0.0209322,0
Stan Wawrinka (14187354),Angelique Kerber (14187348),Anett Kontaveit (14187345),Garbine Muguruza (14187344),Simona Halep (14187343),Dominic Thiem (14187342),47400,0.0217426,0
Stan Wawrinka (14187354),Angelique Kerber (14187348),Andrey Rublev (14187346),Anett Kontaveit (14187345),Garbine Muguruza (14187344),Rafael Nadal (14187340),47600,0.0212197,0
Stan Wawrinka (14187354),Angelique Kerber (14187348),Andrey Rublev (14187346),Anett Kontaveit (14187345),Simona Halep (14187343),Rafael Nadal (14187340),48000,0.0226307,0
Stan Wawrinka (14187354),Angelique Kerber (14187348),Andrey Rublev (14187346),Garbine Muguruza (14187344),Simona Halep (14187343),Rafael Nadal (14187340),48200,0.0236877,0
Stan Wawrinka (14187354),Angelique Kerber (14187348),Anett Kontaveit (14187345),Garbine Muguruza (14187344),Simona Halep (14187343),Rafael Nadal (14187340),48300,0.0246047,0
Stan Wawrinka (14187354),Angelique Kerber (14187348),Andrey Rublev (14187346),Anett Kontaveit (14187345),Dominic Thiem (14187342),Rafael Nadal (14187340),48800,0.0264894,0
Stan Wawrinka (14187354),Angelique Kerber (14187348),Andrey Rublev (14187346),Garbine Muguruza (14187344),Dominic Thiem (14187342),Rafael Nadal (14187340),49000,0.0277266,0
Stan Wawrinka (14187354),Angelique Kerber (14187348),Anett Kontaveit (14187345),Garbine Muguruza (14187344),Dominic Thiem (14187342),Rafael Nadal (14187340),49100,0.0288,0
Stan Wawrinka (14187354),Angelique Kerber (14187348),Andrey Rublev (14187346),Simona Halep (14187343),Dominic Thiem (14187342),Rafael Nadal (14187340),49400,0.0295703,0
Stan Wawrinka (14187354),Angelique Kerber (14187348),Anett Kontaveit (14187345),Simona Halep (14187343),Dominic Thiem (14187342),Rafael Nadal (14187340),49500,0.030715,0
Stan Wawrinka (14187354),Angelique Kerber (14187348),Garbine Muguruza (14187344),Simona Halep (14187343),Dominic Thiem (14187342),Rafael Nadal (14187340),49700,0.0321497,0

Nick Kyrgios (14187355),Angelique Kerber (14187348),Andrey Rublev (14187346),Anett Kontaveit (14187345),Garbine Muguruza (14187344),Simona Halep (14187343),45300,0.0117482,0
Nick Kyrgios (14187355),Angelique Kerber (14187348),Andrey Rublev (14187346),Anett Kontaveit (14187345),Garbine Muguruza (14187344),Dominic Thiem (14187342),46100,0.0137514,0
Nick Kyrgios (14187355),Angelique Kerber (14187348),Andrey Rublev (14187346),Anett Kontaveit (14187345),Simona Halep (14187343),Dominic Thiem (14187342),46500,0.0146658,0
Nick Kyrgios (14187355),Angelique Kerber (14187348),Andrey Rublev (14187346),Garbine Muguruza (14187344),Simona Halep (14187343),Dominic Thiem (14187342),46700,0.0153508,0
Nick Kyrgios (14187355),Angelique Kerber (14187348),Anett Kontaveit (14187345),Garbine Muguruza (14187344),Simona Halep (14187343),Dominic Thiem (14187342),46800,0.015945,0
Nick Kyrgios (14187355),Angelique Kerber (14187348),Andrey Rublev (14187346),Anett Kontaveit (14187345),Garbine Muguruza (14187344),Daniil Medvedev (14187341),46400,0.0143224,0
Nick Kyrgios (14187355),Angelique Kerber (14187348),Andrey Rublev (14187346),Anett Kontaveit (14187345),Simona Halep (14187343),Daniil Medvedev (14187341),46800,0.0152747,0
Nick Kyrgios (14187355),Angelique Kerber (14187348),Andrey Rublev (14187346),Garbine Muguruza (14187344),Simona Halep (14187343),Daniil Medvedev (14187341),47000,0.0159882,0
Nick Kyrgios (14187355),Angelique Kerber (14187348),Anett Kontaveit (14187345),Garbine Muguruza (14187344),Simona Halep (14187343),Daniil Medvedev (14187341),47100,0.0166071,0
Nick Kyrgios (14187355),Angelique Kerber (14187348),Andrey Rublev (14187346),Anett Kontaveit (14187345),Dominic Thiem (14187342),Daniil Medvedev (14187341),47600,0.0178792,0
Nick Kyrgios (14187355),Angelique Kerber (14187348),Andrey Rublev (14187346),Garbine Muguruza (14187344),Dominic Thiem (14187342),Daniil Medvedev (14187341),47800,0.0187143,0
Nick Kyrgios (14187355),Angelique Kerber (14187348),Anett Kontaveit (14187345),Garbine Muguruza (14187344),Dominic Thiem (14187342),Daniil Medvedev (14187341),47900,0.0194387,0
Nick Kyrgios (14187355),Angelique Kerber (14187348),Andrey Rublev (14187346),Simona Halep (14187343),Dominic Thiem (14187342),Daniil Medvedev (14187341),48200,0.0199586,0
Nick Kyrgios (14187355),Angelique Kerber (14187348),Anett Kontaveit (14187345),Simona Halep (14187343),Dominic Thiem (14187342),Daniil Medvedev (14187341),48300,0.0207313,0
Nick Kyrgios (14187355),Angelique Kerber (14187348),Garbine Muguruza (14187344),Simona Halep (14187343),Dominic Thiem (14187342),Daniil Medvedev (14187341),48500,0.0216996,0

Iga Swiatek (14187350),Alexander Zverev (14187349),Anastasia Pavlyuchenkova (14187347),Garbine Muguruza (14187344),Simona Halep (14187343),Dominic Thiem (14187342),48700,0.0358687,0
Iga Swiatek (14187350),Alexander Zverev (14187349),Anastasia Pavlyuchenkova (14187347),Garbine Muguruza (14187344),Simona Halep (14187343),Daniil Medvedev (14187341),49000,0.0373581,0
Iga Swiatek (14187350),Alexander Zverev (14187349),Anastasia Pavlyuchenkova (14187347),Garbine Muguruza (14187344),Dominic Thiem (14187342),Daniil Medvedev (14187341),49800,0.0437279,0
Iga Swiatek (14187350),Alexander Zverev (14187349),Anastasia Pavlyuchenkova (14187347),Garbine Muguruza (14187344),Simona Halep (14187343),Rafael Nadal (14187340),49600,0.0405905,0

Kiki Bertens (14187351),Alexander Zverev (14187349),Anastasia Pavlyuchenkova (14187347),Anett Kontaveit (14187345),Simona Halep (14187343),Dominic Thiem (14187342),48400,0.0322244,0
Kiki Bertens (14187351),Alexander Zverev (14187349),Anastasia Pavlyuchenkova (14187347),Anett Kontaveit (14187345),Simona Halep (14187343),Daniil Medvedev (14187341),48700,0.0335625,0
Kiki Bertens (14187351),Alexander Zverev (14187349),Anastasia Pavlyuchenkova (14187347),Anett Kontaveit (14187345),Dominic Thiem (14187342),Daniil Medvedev (14187341),49500,0.0392851,0
Kiki Bertens (14187351),Alexander Zverev (14187349),Anastasia Pavlyuchenkova (14187347),Anett Kontaveit (14187345),Simona Halep (14187343),Rafael Nadal (14187340),49300,0.0364664,0

Elise Mertens (14187352),Alexander Zverev (14187349),Anastasia Pavlyuchenkova (14187347),Anett Kontaveit (14187345),Garbine Muguruza (14187344),Dominic Thiem (14187342),47600,0.0274253,0
Elise Mertens (14187352),Alexander Zverev (14187349),Anastasia Pavlyuchenkova (14187347),Anett Kontaveit (14187345),Garbine Muguruza (14187344),Daniil Medvedev (14187341),47900,0.0285641,0
Elise Mertens (14187352),Alexander Zverev (14187349),Anastasia Pavlyuchenkova (14187347),Anett Kontaveit (14187345),Dominic Thiem (14187342),Daniil Medvedev (14187341),49100,0.0356577,0
Elise Mertens (14187352),Alexander Zverev (14187349),Anastasia Pavlyuchenkova (14187347),Garbine Muguruza (14187344),Dominic Thiem (14187342),Daniil Medvedev (14187341),49300,0.0373231,0
Elise Mertens (14187352),Alexander Zverev (14187349),Anett Kontaveit (14187345),Garbine Muguruza (14187344),Dominic Thiem (14187342),Daniil Medvedev (14187341),49600,0.0390129,0
Elise Mertens (14187352),Alexander Zverev (14187349),Anastasia Pavlyuchenkova (14187347),Anett Kontaveit (14187345),Garbine Muguruza (14187344),Rafael Nadal (14187340),48500,0.0310356,0
Elise Mertens (14187352),Alexander Zverev (14187349),Anastasia Pavlyuchenkova (14187347),Anett Kontaveit (14187345),Dominic Thiem (14187342),Rafael Nadal (14187340),49700,0.0387429,0
Elise Mertens (14187352),Alexander Zverev (14187349),Anastasia Pavlyuchenkova (14187347),Garbine Muguruza (14187344),Dominic Thiem (14187342),Rafael Nadal (14187340),49900,0.0405525,0
Elise Mertens (14187352),Alexander Zverev (14187349),Anastasia Pavlyuchenkova (14187347),Anett Kontaveit (14187345),Daniil Medvedev (14187341),Rafael Nadal (14187340),50000,0.0403516,0

Gael Monfils (14187353),Alexander Zverev (14187349),Anastasia Pavlyuchenkova (14187347),Anett Kontaveit (14187345),Garbine Muguruza (14187344),Simona Halep (14187343),46000,0.0176435,0
Gael Monfils (14187353),Alexander Zverev (14187349),Anastasia Pavlyuchenkova (14187347),Anett Kontaveit (14187345),Garbine Muguruza (14187344),Daniil Medvedev (14187341),47100,0.0215093,0
Gael Monfils (14187353),Alexander Zverev (14187349),Anastasia Pavlyuchenkova (14187347),Anett Kontaveit (14187345),Simona Halep (14187343),Daniil Medvedev (14187341),47500,0.0229396,0
Gael Monfils (14187353),Alexander Zverev (14187349),Anastasia Pavlyuchenkova (14187347),Garbine Muguruza (14187344),Simona Halep (14187343),Daniil Medvedev (14187341),47700,0.024011,0
Gael Monfils (14187353),Alexander Zverev (14187349),Anett Kontaveit (14187345),Garbine Muguruza (14187344),Simona Halep (14187343),Daniil Medvedev (14187341),48000,0.0250981,0
Gael Monfils (14187353),Alexander Zverev (14187349),Anastasia Pavlyuchenkova (14187347),Anett Kontaveit (14187345),Garbine Muguruza (14187344),Rafael Nadal (14187340),47700,0.0233704,0
Gael Monfils (14187353),Alexander Zverev (14187349),Anastasia Pavlyuchenkova (14187347),Anett Kontaveit (14187345),Simona Halep (14187343),Rafael Nadal (14187340),48100,0.0249244,0
Gael Monfils (14187353),Alexander Zverev (14187349),Anastasia Pavlyuchenkova (14187347),Garbine Muguruza (14187344),Simona Halep (14187343),Rafael Nadal (14187340),48300,0.0260886,0
Gael Monfils (14187353),Alexander Zverev (14187349),Anett Kontaveit (14187345),Garbine Muguruza (14187344),Simona Halep (14187343),Rafael Nadal (14187340),48600,0.0272697,0
Gael Monfils (14187353),Alexander Zverev (14187349),Anastasia Pavlyuchenkova (14187347),Anett Kontaveit (14187345),Daniil Medvedev (14187341),Rafael Nadal (14187340),49200,0.0303856,0
Gael Monfils (14187353),Alexander Zverev (14187349),Anastasia Pavlyuchenkova (14187347),Garbine Muguruza (14187344),Daniil Medvedev (14187341),Rafael Nadal (14187340),49400,0.0318048,0
Gael Monfils (14187353),Alexander Zverev (14187349),Anett Kontaveit (14187345),Garbine Muguruza (14187344),Daniil Medvedev (14187341),Rafael Nadal (14187340),49700,0.0332448,0
Gael Monfils (14187353),Alexander Zverev (14187349),Anastasia Pavlyuchenkova (14187347),Simona Halep (14187343),Daniil Medvedev (14187341),Rafael Nadal (14187340),49800,0.0339196,0

Stan Wawrinka (14187354),Alexander Zverev (14187349),Anastasia Pavlyuchenkova (14187347),Anett Kontaveit (14187345),Garbine Muguruza (14187344),Simona Halep (14187343),45600,0.0157691,0
Stan Wawrinka (14187354),Alexander Zverev (14187349),Anastasia Pavlyuchenkova (14187347),Anett Kontaveit (14187345),Garbine Muguruza (14187344),Dominic Thiem (14187342),46400,0.0184579,0
Stan Wawrinka (14187354),Alexander Zverev (14187349),Anastasia Pavlyuchenkova (14187347),Anett Kontaveit (14187345),Simona Halep (14187343),Dominic Thiem (14187342),46800,0.0196852,0
Stan Wawrinka (14187354),Alexander Zverev (14187349),Anastasia Pavlyuchenkova (14187347),Garbine Muguruza (14187344),Simona Halep (14187343),Dominic Thiem (14187342),47000,0.0206046,0
Stan Wawrinka (14187354),Alexander Zverev (14187349),Anett Kontaveit (14187345),Garbine Muguruza (14187344),Simona Halep (14187343),Dominic Thiem (14187342),47300,0.0215375,0
Stan Wawrinka (14187354),Alexander Zverev (14187349),Anastasia Pavlyuchenkova (14187347),Anett Kontaveit (14187345),Garbine Muguruza (14187344),Rafael Nadal (14187340),47300,0.0208877,0
Stan Wawrinka (14187354),Alexander Zverev (14187349),Anastasia Pavlyuchenkova (14187347),Anett Kontaveit (14187345),Simona Halep (14187343),Rafael Nadal (14187340),47700,0.0222765,0
Stan Wawrinka (14187354),Alexander Zverev (14187349),Anastasia Pavlyuchenkova (14187347),Garbine Muguruza (14187344),Simona Halep (14187343),Rafael Nadal (14187340),47900,0.023317,0
Stan Wawrinka (14187354),Alexander Zverev (14187349),Anett Kontaveit (14187345),Garbine Muguruza (14187344),Simona Halep (14187343),Rafael Nadal (14187340),48200,0.0243727,0
Stan Wawrinka (14187354),Alexander Zverev (14187349),Anastasia Pavlyuchenkova (14187347),Anett Kontaveit (14187345),Dominic Thiem (14187342),Rafael Nadal (14187340),48500,0.0260749,0
Stan Wawrinka (14187354),Alexander Zverev (14187349),Anastasia Pavlyuchenkova (14187347),Garbine Muguruza (14187344),Dominic Thiem (14187342),Rafael Nadal (14187340),48700,0.0272928,0
Stan Wawrinka (14187354),Alexander Zverev (14187349),Anett Kontaveit (14187345),Garbine Muguruza (14187344),Dominic Thiem (14187342),Rafael Nadal (14187340),49000,0.0285284,0
Stan Wawrinka (14187354),Alexander Zverev (14187349),Anastasia Pavlyuchenkova (14187347),Simona Halep (14187343),Dominic Thiem (14187342),Rafael Nadal (14187340),49100,0.0291075,0
Stan Wawrinka (14187354),Alexander Zverev (14187349),Anett Kontaveit (14187345),Simona Halep (14187343),Dominic Thiem (14187342),Rafael Nadal (14187340),49400,0.0304254,0
Stan Wawrinka (14187354),Alexander Zverev (14187349),Garbine Muguruza (14187344),Simona Halep (14187343),Dominic Thiem (14187342),Rafael Nadal (14187340),49600,0.0318465,0

Nick Kyrgios (14187355),Alexander Zverev (14187349),Anastasia Pavlyuchenkova (14187347),Anett Kontaveit (14187345),Garbine Muguruza (14187344),Simona Halep (14187343),45000,0.0115644,0
Nick Kyrgios (14187355),Alexander Zverev (14187349),Anastasia Pavlyuchenkova (14187347),Anett Kontaveit (14187345),Garbine Muguruza (14187344),Dominic Thiem (14187342),45800,0.0135362,0
Nick Kyrgios (14187355),Alexander Zverev (14187349),Anastasia Pavlyuchenkova (14187347),Anett Kontaveit (14187345),Simona Halep (14187343),Dominic Thiem (14187342),46200,0.0144363,0
Nick Kyrgios (14187355),Alexander Zverev (14187349),Anastasia Pavlyuchenkova (14187347),Garbine Muguruza (14187344),Simona Halep (14187343),Dominic Thiem (14187342),46400,0.0151105,0
Nick Kyrgios (14187355),Alexander Zverev (14187349),Anett Kontaveit (14187345),Garbine Muguruza (14187344),Simona Halep (14187343),Dominic Thiem (14187342),46700,0.0157947,0
Nick Kyrgios (14187355),Alexander Zverev (14187349),Anastasia Pavlyuchenkova (14187347),Anett Kontaveit (14187345),Garbine Muguruza (14187344),Daniil Medvedev (14187341),46100,0.0140983,0
Nick Kyrgios (14187355),Alexander Zverev (14187349),Anastasia Pavlyuchenkova (14187347),Anett Kontaveit (14187345),Simona Halep (14187343),Daniil Medvedev (14187341),46500,0.0150357,0
Nick Kyrgios (14187355),Alexander Zverev (14187349),Anastasia Pavlyuchenkova (14187347),Garbine Muguruza (14187344),Simona Halep (14187343),Daniil Medvedev (14187341),46700,0.015738,0
Nick Kyrgios (14187355),Alexander Zverev (14187349),Anett Kontaveit (14187345),Garbine Muguruza (14187344),Simona Halep (14187343),Daniil Medvedev (14187341),47000,0.0164505,0
Nick Kyrgios (14187355),Alexander Zverev (14187349),Anastasia Pavlyuchenkova (14187347),Anett Kontaveit (14187345),Dominic Thiem (14187342),Daniil Medvedev (14187341),47300,0.0175994,0
Nick Kyrgios (14187355),Alexander Zverev (14187349),Anastasia Pavlyuchenkova (14187347),Garbine Muguruza (14187344),Dominic Thiem (14187342),Daniil Medvedev (14187341),47500,0.0184214,0
Nick Kyrgios (14187355),Alexander Zverev (14187349),Anett Kontaveit (14187345),Garbine Muguruza (14187344),Dominic Thiem (14187342),Daniil Medvedev (14187341),47800,0.0192554,0
Nick Kyrgios (14187355),Alexander Zverev (14187349),Anastasia Pavlyuchenkova (14187347),Simona Halep (14187343),Dominic Thiem (14187342),Daniil Medvedev (14187341),47900,0.0196463,0
Nick Kyrgios (14187355),Alexander Zverev (14187349),Anett Kontaveit (14187345),Simona Halep (14187343),Dominic Thiem (14187342),Daniil Medvedev (14187341),48200,0.0205358,0
Nick Kyrgios (14187355),Alexander Zverev (14187349),Garbine Muguruza (14187344),Simona Halep (14187343),Dominic Thiem (14187342),Daniil Medvedev (14187341),48400,0.021495,0

Kiki Bertens (14187351),Iga Swiatek (14187350),Anastasia Pavlyuchenkova (14187347),Andrey Rublev (14187346),Simona Halep (14187343),Dominic Thiem (14187342),48100,0.0295959,0
Kiki Bertens (14187351),Iga Swiatek (14187350),Anastasia Pavlyuchenkova (14187347),Andrey Rublev (14187346),Simona Halep (14187343),Daniil Medvedev (14187341),48400,0.0308248,0
Kiki Bertens (14187351),Iga Swiatek (14187350),Anastasia Pavlyuchenkova (14187347),Andrey Rublev (14187346),Dominic Thiem (14187342),Daniil Medvedev (14187341),49200,0.0360807,0
Kiki Bertens (14187351),Iga Swiatek (14187350),Anastasia Pavlyuchenkova (14187347),Simona Halep (14187343),Dominic Thiem (14187342),Daniil Medvedev (14187341),49900,0.0418364,0
Kiki Bertens (14187351),Iga Swiatek (14187350),Anastasia Pavlyuchenkova (14187347),Andrey Rublev (14187346),Simona Halep (14187343),Rafael Nadal (14187340),49000,0.0334919,0
Kiki Bertens (14187351),Iga Swiatek (14187350),Anastasia Pavlyuchenkova (14187347),Andrey Rublev (14187346),Dominic Thiem (14187342),Rafael Nadal (14187340),49800,0.0392026,0

Elise Mertens (14187352),Iga Swiatek (14187350),Anastasia Pavlyuchenkova (14187347),Andrey Rublev (14187346),Garbine Muguruza (14187344),Dominic Thiem (14187342),47300,0.0251883,0
Elise Mertens (14187352),Iga Swiatek (14187350),Anastasia Pavlyuchenkova (14187347),Andrey Rublev (14187346),Garbine Muguruza (14187344),Daniil Medvedev (14187341),47600,0.0262342,0
Elise Mertens (14187352),Iga Swiatek (14187350),Anastasia Pavlyuchenkova (14187347),Andrey Rublev (14187346),Dominic Thiem (14187342),Daniil Medvedev (14187341),48800,0.0327491,0
Elise Mertens (14187352),Iga Swiatek (14187350),Anastasia Pavlyuchenkova (14187347),Garbine Muguruza (14187344),Dominic Thiem (14187342),Daniil Medvedev (14187341),49100,0.0356058,0
Elise Mertens (14187352),Iga Swiatek (14187350),Andrey Rublev (14187346),Garbine Muguruza (14187344),Dominic Thiem (14187342),Daniil Medvedev (14187341),49300,0.0358307,0
Elise Mertens (14187352),Iga Swiatek (14187350),Anastasia Pavlyuchenkova (14187347),Andrey Rublev (14187346),Garbine Muguruza (14187344),Rafael Nadal (14187340),48200,0.0285041,0
Elise Mertens (14187352),Iga Swiatek (14187350),Anastasia Pavlyuchenkova (14187347),Andrey Rublev (14187346),Dominic Thiem (14187342),Rafael Nadal (14187340),49400,0.0355827,0
Elise Mertens (14187352),Iga Swiatek (14187350),Anastasia Pavlyuchenkova (14187347),Garbine Muguruza (14187344),Dominic Thiem (14187342),Rafael Nadal (14187340),49700,0.0386866,0
Elise Mertens (14187352),Iga Swiatek (14187350),Andrey Rublev (14187346),Garbine Muguruza (14187344),Dominic Thiem (14187342),Rafael Nadal (14187340),49900,0.038931,0
Elise Mertens (14187352),Iga Swiatek (14187350),Anastasia Pavlyuchenkova (14187347),Andrey Rublev (14187346),Daniil Medvedev (14187341),Rafael Nadal (14187340),49700,0.0370602,0
Elise Mertens (14187352),Iga Swiatek (14187350),Anastasia Pavlyuchenkova (14187347),Garbine Muguruza (14187344),Daniil Medvedev (14187341),Rafael Nadal (14187340),50000,0.0402929,0

Gael Monfils (14187353),Iga Swiatek (14187350),Anastasia Pavlyuchenkova (14187347),Andrey Rublev (14187346),Garbine Muguruza (14187344),Simona Halep (14187343),45700,0.0162043,0
Gael Monfils (14187353),Iga Swiatek (14187350),Anastasia Pavlyuchenkova (14187347),Andrey Rublev (14187346),Garbine Muguruza (14187344),Daniil Medvedev (14187341),46800,0.0197549,0
Gael Monfils (14187353),Iga Swiatek (14187350),Anastasia Pavlyuchenkova (14187347),Andrey Rublev (14187346),Simona Halep (14187343),Daniil Medvedev (14187341),47200,0.0210684,0
Gael Monfils (14187353),Iga Swiatek (14187350),Anastasia Pavlyuchenkova (14187347),Garbine Muguruza (14187344),Simona Halep (14187343),Daniil Medvedev (14187341),47500,0.0229062,0
Gael Monfils (14187353),Iga Swiatek (14187350),Andrey Rublev (14187346),Garbine Muguruza (14187344),Simona Halep (14187343),Daniil Medvedev (14187341),47700,0.0230509,0
Gael Monfils (14187353),Iga Swiatek (14187350),Anastasia Pavlyuchenkova (14187347),Andrey Rublev (14187346),Garbine Muguruza (14187344),Rafael Nadal (14187340),47400,0.0214641,0
Gael Monfils (14187353),Iga Swiatek (14187350),Anastasia Pavlyuchenkova (14187347),Andrey Rublev (14187346),Simona Halep (14187343),Rafael Nadal (14187340),47800,0.0228914,0
Gael Monfils (14187353),Iga Swiatek (14187350),Anastasia Pavlyuchenkova (14187347),Garbine Muguruza (14187344),Simona Halep (14187343),Rafael Nadal (14187340),48100,0.0248881,0
Gael Monfils (14187353),Iga Swiatek (14187350),Andrey Rublev (14187346),Garbine Muguruza (14187344),Simona Halep (14187343),Rafael Nadal (14187340),48300,0.0250454,0
Gael Monfils (14187353),Iga Swiatek (14187350),Anastasia Pavlyuchenkova (14187347),Andrey Rublev (14187346),Daniil Medvedev (14187341),Rafael Nadal (14187340),48900,0.0279071,0
Gael Monfils (14187353),Iga Swiatek (14187350),Anastasia Pavlyuchenkova (14187347),Garbine Muguruza (14187344),Daniil Medvedev (14187341),Rafael Nadal (14187340),49200,0.0303414,0
Gael Monfils (14187353),Iga Swiatek (14187350),Andrey Rublev (14187346),Garbine Muguruza (14187344),Daniil Medvedev (14187341),Rafael Nadal (14187340),49400,0.0305331,0
Gael Monfils (14187353),Iga Swiatek (14187350),Anastasia Pavlyuchenkova (14187347),Simona Halep (14187343),Daniil Medvedev (14187341),Rafael Nadal (14187340),49600,0.0323589,0
Gael Monfils (14187353),Iga Swiatek (14187350),Andrey Rublev (14187346),Simona Halep (14187343),Daniil Medvedev (14187341),Rafael Nadal (14187340),49800,0.0325633,0

Stan Wawrinka (14187354),Iga Swiatek (14187350),Anastasia Pavlyuchenkova (14187347),Andrey Rublev (14187346),Garbine Muguruza (14187344),Simona Halep (14187343),45300,0.0144829,0
Stan Wawrinka (14187354),Iga Swiatek (14187350),Anastasia Pavlyuchenkova (14187347),Andrey Rublev (14187346),Garbine Muguruza (14187344),Dominic Thiem (14187342),46100,0.0169523,0
Stan Wawrinka (14187354),Iga Swiatek (14187350),Anastasia Pavlyuchenkova (14187347),Andrey Rublev (14187346),Simona Halep (14187343),Dominic Thiem (14187342),46500,0.0180795,0
Stan Wawrinka (14187354),Iga Swiatek (14187350),Anastasia Pavlyuchenkova (14187347),Garbine Muguruza (14187344),Simona Halep (14187343),Dominic Thiem (14187342),46800,0.0196566,0
Stan Wawrinka (14187354),Iga Swiatek (14187350),Andrey Rublev (14187346),Garbine Muguruza (14187344),Simona Halep (14187343),Dominic Thiem (14187342),47000,0.0197807,0
Stan Wawrinka (14187354),Iga Swiatek (14187350),Anastasia Pavlyuchenkova (14187347),Andrey Rublev (14187346),Garbine Muguruza (14187344),Rafael Nadal (14187340),47000,0.0191839,0
Stan Wawrinka (14187354),Iga Swiatek (14187350),Anastasia Pavlyuchenkova (14187347),Andrey Rublev (14187346),Simona Halep (14187343),Rafael Nadal (14187340),47400,0.0204595,0
Stan Wawrinka (14187354),Iga Swiatek (14187350),Anastasia Pavlyuchenkova (14187347),Garbine Muguruza (14187344),Simona Halep (14187343),Rafael Nadal (14187340),47700,0.0222441,0
Stan Wawrinka (14187354),Iga Swiatek (14187350),Andrey Rublev (14187346),Garbine Muguruza (14187344),Simona Halep (14187343),Rafael Nadal (14187340),47900,0.0223847,0
Stan Wawrinka (14187354),Iga Swiatek (14187350),Anastasia Pavlyuchenkova (14187347),Andrey Rublev (14187346),Dominic Thiem (14187342),Rafael Nadal (14187340),48200,0.023948,0
Stan Wawrinka (14187354),Iga Swiatek (14187350),Anastasia Pavlyuchenkova (14187347),Garbine Muguruza (14187344),Dominic Thiem (14187342),Rafael Nadal (14187340),48500,0.0260369,0
Stan Wawrinka (14187354),Iga Swiatek (14187350),Andrey Rublev (14187346),Garbine Muguruza (14187344),Dominic Thiem (14187342),Rafael Nadal (14187340),48700,0.0262014,0
Stan Wawrinka (14187354),Iga Swiatek (14187350),Anastasia Pavlyuchenkova (14187347),Simona Halep (14187343),Dominic Thiem (14187342),Rafael Nadal (14187340),48900,0.0277682,0
Stan Wawrinka (14187354),Iga Swiatek (14187350),Andrey Rublev (14187346),Simona Halep (14187343),Dominic Thiem (14187342),Rafael Nadal (14187340),49100,0.0279436,0
Stan Wawrinka (14187354),Iga Swiatek (14187350),Garbine Muguruza (14187344),Simona Halep (14187343),Dominic Thiem (14187342),Rafael Nadal (14187340),49400,0.0303811,0

Nick Kyrgios (14187355),Iga Swiatek (14187350),Anastasia Pavlyuchenkova (14187347),Andrey Rublev (14187346),Garbine Muguruza (14187344),Dominic Thiem (14187342),45500,0.0124321,0
Nick Kyrgios (14187355),Iga Swiatek (14187350),Anastasia Pavlyuchenkova (14187347),Andrey Rublev (14187346),Simona Halep (14187343),Dominic Thiem (14187342),45900,0.0132587,0
Nick Kyrgios (14187355),Iga Swiatek (14187350),Anastasia Pavlyuchenkova (14187347),Garbine Muguruza (14187344),Simona Halep (14187343),Dominic Thiem (14187342),46200,0.0144153,0
Nick Kyrgios (14187355),Iga Swiatek (14187350),Andrey Rublev (14187346),Garbine Muguruza (14187344),Simona Halep (14187343),Dominic Thiem (14187342),46400,0.0145063,0
Nick Kyrgios (14187355),Iga Swiatek (14187350),Anastasia Pavlyuchenkova (14187347),Andrey Rublev (14187346),Garbine Muguruza (14187344),Daniil Medvedev (14187341),45800,0.0129483,0
Nick Kyrgios (14187355),Iga Swiatek (14187350),Anastasia Pavlyuchenkova (14187347),Andrey Rublev (14187346),Simona Halep (14187343),Daniil Medvedev (14187341),46200,0.0138093,0
Nick Kyrgios (14187355),Iga Swiatek (14187350),Anastasia Pavlyuchenkova (14187347),Garbine Muguruza (14187344),Simona Halep (14187343),Daniil Medvedev (14187341),46500,0.0150138,0
Nick Kyrgios (14187355),Iga Swiatek (14187350),Andrey Rublev (14187346),Garbine Muguruza (14187344),Simona Halep (14187343),Daniil Medvedev (14187341),46700,0.0151087,0
Nick Kyrgios (14187355),Iga Swiatek (14187350),Anastasia Pavlyuchenkova (14187347),Andrey Rublev (14187346),Dominic Thiem (14187342),Daniil Medvedev (14187341),47000,0.0161638,0
Nick Kyrgios (14187355),Iga Swiatek (14187350),Anastasia Pavlyuchenkova (14187347),Garbine Muguruza (14187344),Dominic Thiem (14187342),Daniil Medvedev (14187341),47300,0.0175738,0
Nick Kyrgios (14187355),Iga Swiatek (14187350),Andrey Rublev (14187346),Garbine Muguruza (14187344),Dominic Thiem (14187342),Daniil Medvedev (14187341),47500,0.0176848,0
Nick Kyrgios (14187355),Iga Swiatek (14187350),Anastasia Pavlyuchenkova (14187347),Simona Halep (14187343),Dominic Thiem (14187342),Daniil Medvedev (14187341),47700,0.0187423,0
Nick Kyrgios (14187355),Iga Swiatek (14187350),Andrey Rublev (14187346),Simona Halep (14187343),Dominic Thiem (14187342),Daniil Medvedev (14187341),47900,0.0188607,0
Nick Kyrgios (14187355),Iga Swiatek (14187350),Garbine Muguruza (14187344),Simona Halep (14187343),Dominic Thiem (14187342),Daniil Medvedev (14187341),48200,0.0205059,0

Elise Mertens (14187352),Kiki Bertens (14187351),Anastasia Pavlyuchenkova (14187347),Andrey Rublev (14187346),Anett Kontaveit (14187345),Dominic Thiem (14187342),47000,0.0226291,0
Elise Mertens (14187352),Kiki Bertens (14187351),Anastasia Pavlyuchenkova (14187347),Andrey Rublev (14187346),Anett Kontaveit (14187345),Daniil Medvedev (14187341),47300,0.0235688,0
Elise Mertens (14187352),Kiki Bertens (14187351),Anastasia Pavlyuchenkova (14187347),Andrey Rublev (14187346),Dominic Thiem (14187342),Daniil Medvedev (14187341),48700,0.030796,0
Elise Mertens (14187352),Kiki Bertens (14187351),Anastasia Pavlyuchenkova (14187347),Anett Kontaveit (14187345),Dominic Thiem (14187342),Daniil Medvedev (14187341),48800,0.0319882,0
Elise Mertens (14187352),Kiki Bertens (14187351),Andrey Rublev (14187346),Anett Kontaveit (14187345),Dominic Thiem (14187342),Daniil Medvedev (14187341),49000,0.0321903,0
Elise Mertens (14187352),Kiki Bertens (14187351),Anastasia Pavlyuchenkova (14187347),Andrey Rublev (14187346),Anett Kontaveit (14187345),Rafael Nadal (14187340),47900,0.025608,0
Elise Mertens (14187352),Kiki Bertens (14187351),Anastasia Pavlyuchenkova (14187347),Andrey Rublev (14187346),Dominic Thiem (14187342),Rafael Nadal (14187340),49300,0.0334606,0
Elise Mertens (14187352),Kiki Bertens (14187351),Anastasia Pavlyuchenkova (14187347),Anett Kontaveit (14187345),Dominic Thiem (14187342),Rafael Nadal (14187340),49400,0.034756,0
Elise Mertens (14187352),Kiki Bertens (14187351),Andrey Rublev (14187346),Anett Kontaveit (14187345),Dominic Thiem (14187342),Rafael Nadal (14187340),49600,0.0349755,0
Elise Mertens (14187352),Kiki Bertens (14187351),Anastasia Pavlyuchenkova (14187347),Andrey Rublev (14187346),Daniil Medvedev (14187341),Rafael Nadal (14187340),49600,0.03485,0
Elise Mertens (14187352),Kiki Bertens (14187351),Anastasia Pavlyuchenkova (14187347),Anett Kontaveit (14187345),Daniil Medvedev (14187341),Rafael Nadal (14187340),49700,0.0361991,0
Elise Mertens (14187352),Kiki Bertens (14187351),Andrey Rublev (14187346),Anett Kontaveit (14187345),Daniil Medvedev (14187341),Rafael Nadal (14187340),49900,0.0364278,0

Gael Monfils (14187353),Kiki Bertens (14187351),Anastasia Pavlyuchenkova (14187347),Andrey Rublev (14187346),Anett Kontaveit (14187345),Simona Halep (14187343),45400,0.014558,0
Gael Monfils (14187353),Kiki Bertens (14187351),Anastasia Pavlyuchenkova (14187347),Andrey Rublev (14187346),Anett Kontaveit (14187345),Daniil Medvedev (14187341),46500,0.0177477,0
Gael Monfils (14187353),Kiki Bertens (14187351),Anastasia Pavlyuchenkova (14187347),Andrey Rublev (14187346),Simona Halep (14187343),Daniil Medvedev (14187341),47100,0.0198119,0
Gael Monfils (14187353),Kiki Bertens (14187351),Anastasia Pavlyuchenkova (14187347),Anett Kontaveit (14187345),Simona Halep (14187343),Daniil Medvedev (14187341),47200,0.0205789,0
Gael Monfils (14187353),Kiki Bertens (14187351),Andrey Rublev (14187346),Anett Kontaveit (14187345),Simona Halep (14187343),Daniil Medvedev (14187341),47400,0.0207089,0
Gael Monfils (14187353),Kiki Bertens (14187351),Anastasia Pavlyuchenkova (14187347),Andrey Rublev (14187346),Anett Kontaveit (14187345),Rafael Nadal (14187340),47100,0.0192834,0
Gael Monfils (14187353),Kiki Bertens (14187351),Anastasia Pavlyuchenkova (14187347),Andrey Rublev (14187346),Simona Halep (14187343),Rafael Nadal (14187340),47700,0.0215261,0
Gael Monfils (14187353),Kiki Bertens (14187351),Anastasia Pavlyuchenkova (14187347),Anett Kontaveit (14187345),Simona Halep (14187343),Rafael Nadal (14187340),47800,0.0223595,0
Gael Monfils (14187353),Kiki Bertens (14187351),Andrey Rublev (14187346),Anett Kontaveit (14187345),Simona Halep (14187343),Rafael Nadal (14187340),48000,0.0225007,0
Gael Monfils (14187353),Kiki Bertens (14187351),Anastasia Pavlyuchenkova (14187347),Andrey Rublev (14187346),Daniil Medvedev (14187341),Rafael Nadal (14187340),48800,0.0262427,0
Gael Monfils (14187353),Kiki Bertens (14187351),Anastasia Pavlyuchenkova (14187347),Anett Kontaveit (14187345),Daniil Medvedev (14187341),Rafael Nadal (14187340),48900,0.0272587,0
Gael Monfils (14187353),Kiki Bertens (14187351),Andrey Rublev (14187346),Anett Kontaveit (14187345),Daniil Medvedev (14187341),Rafael Nadal (14187340),49100,0.0274309,0
Gael Monfils (14187353),Kiki Bertens (14187351),Anastasia Pavlyuchenkova (14187347),Simona Halep (14187343),Daniil Medvedev (14187341),Rafael Nadal (14187340),49500,0.030429,0
Gael Monfils (14187353),Kiki Bertens (14187351),Andrey Rublev (14187346),Simona Halep (14187343),Daniil Medvedev (14187341),Rafael Nadal (14187340),49700,0.0306212,0
Gael Monfils (14187353),Kiki Bertens (14187351),Anett Kontaveit (14187345),Simona Halep (14187343),Daniil Medvedev (14187341),Rafael Nadal (14187340),49800,0.0318067,0

Stan Wawrinka (14187354),Kiki Bertens (14187351),Anastasia Pavlyuchenkova (14187347),Andrey Rublev (14187346),Anett Kontaveit (14187345),Simona Halep (14187343),45000,0.0130114,0
Stan Wawrinka (14187354),Kiki Bertens (14187351),Anastasia Pavlyuchenkova (14187347),Andrey Rublev (14187346),Anett Kontaveit (14187345),Dominic Thiem (14187342),45800,0.0152299,0
Stan Wawrinka (14187354),Kiki Bertens (14187351),Anastasia Pavlyuchenkova (14187347),Andrey Rublev (14187346),Simona Halep (14187343),Dominic Thiem (14187342),46400,0.0170013,0
Stan Wawrinka (14187354),Kiki Bertens (14187351),Anastasia Pavlyuchenkova (14187347),Anett Kontaveit (14187345),Simona Halep (14187343),Dominic Thiem (14187342),46500,0.0176594,0
Stan Wawrinka (14187354),Kiki Bertens (14187351),Andrey Rublev (14187346),Anett Kontaveit (14187345),Simona Halep (14187343),Dominic Thiem (14187342),46700,0.017771,0
Stan Wawrinka (14187354),Kiki Bertens (14187351),Anastasia Pavlyuchenkova (14187347),Andrey Rublev (14187346),Anett Kontaveit (14187345),Rafael Nadal (14187340),46700,0.0172348,0
Stan Wawrinka (14187354),Kiki Bertens (14187351),Anastasia Pavlyuchenkova (14187347),Andrey Rublev (14187346),Simona Halep (14187343),Rafael Nadal (14187340),47300,0.0192393,0
Stan Wawrinka (14187354),Kiki Bertens (14187351),Anastasia Pavlyuchenkova (14187347),Anett Kontaveit (14187345),Simona Halep (14187343),Rafael Nadal (14187340),47400,0.0199841,0
Stan Wawrinka (14187354),Kiki Bertens (14187351),Andrey Rublev (14187346),Anett Kontaveit (14187345),Simona Halep (14187343),Rafael Nadal (14187340),47600,0.0201104,0
Stan Wawrinka (14187354),Kiki Bertens (14187351),Anastasia Pavlyuchenkova (14187347),Andrey Rublev (14187346),Dominic Thiem (14187342),Rafael Nadal (14187340),48100,0.0225197,0
Stan Wawrinka (14187354),Kiki Bertens (14187351),Anastasia Pavlyuchenkova (14187347),Anett Kontaveit (14187345),Dominic Thiem (14187342),Rafael Nadal (14187340),48200,0.0233916,0
Stan Wawrinka (14187354),Kiki Bertens (14187351),Andrey Rublev (14187346),Anett Kontaveit (14187345),Dominic Thiem (14187342),Rafael Nadal (14187340),48400,0.0235393,0
Stan Wawrinka (14187354),Kiki Bertens (14187351),Anastasia Pavlyuchenkova (14187347),Simona Halep (14187343),Dominic Thiem (14187342),Rafael Nadal (14187340),48800,0.0261121,0
Stan Wawrinka (14187354),Kiki Bertens (14187351),Andrey Rublev (14187346),Simona Halep (14187343),Dominic Thiem (14187342),Rafael Nadal (14187340),49000,0.0262771,0
Stan Wawrinka (14187354),Kiki Bertens (14187351),Anett Kontaveit (14187345),Simona Halep (14187343),Dominic Thiem (14187342),Rafael Nadal (14187340),49100,0.0272944,0

Nick Kyrgios (14187355),Kiki Bertens (14187351),Anastasia Pavlyuchenkova (14187347),Andrey Rublev (14187346),Anett Kontaveit (14187345),Dominic Thiem (14187342),45200,0.011169,0
Nick Kyrgios (14187355),Kiki Bertens (14187351),Anastasia Pavlyuchenkova (14187347),Andrey Rublev (14187346),Simona Halep (14187343),Dominic Thiem (14187342),45800,0.012468,0
Nick Kyrgios (14187355),Kiki Bertens (14187351),Anastasia Pavlyuchenkova (14187347),Anett Kontaveit (14187345),Simona Halep (14187343),Dominic Thiem (14187342),45900,0.0129507,0
Nick Kyrgios (14187355),Kiki Bertens (14187351),Andrey Rublev (14187346),Anett Kontaveit (14187345),Simona Halep (14187343),Dominic Thiem (14187342),46100,0.0130325,0
Nick Kyrgios (14187355),Kiki Bertens (14187351),Anastasia Pavlyuchenkova (14187347),Andrey Rublev (14187346),Anett Kontaveit (14187345),Daniil Medvedev (14187341),45500,0.0116327,0
Nick Kyrgios (14187355),Kiki Bertens (14187351),Anastasia Pavlyuchenkova (14187347),Andrey Rublev (14187346),Simona Halep (14187343),Daniil Medvedev (14187341),46100,0.0129857,0
Nick Kyrgios (14187355),Kiki Bertens (14187351),Anastasia Pavlyuchenkova (14187347),Anett Kontaveit (14187345),Simona Halep (14187343),Daniil Medvedev (14187341),46200,0.0134884,0
Nick Kyrgios (14187355),Kiki Bertens (14187351),Andrey Rublev (14187346),Anett Kontaveit (14187345),Simona Halep (14187343),Daniil Medvedev (14187341),46400,0.0135736,0
Nick Kyrgios (14187355),Kiki Bertens (14187351),Anastasia Pavlyuchenkova (14187347),Andrey Rublev (14187346),Dominic Thiem (14187342),Daniil Medvedev (14187341),46900,0.0151998,0
Nick Kyrgios (14187355),Kiki Bertens (14187351),Anastasia Pavlyuchenkova (14187347),Anett Kontaveit (14187345),Dominic Thiem (14187342),Daniil Medvedev (14187341),47000,0.0157883,0
Nick Kyrgios (14187355),Kiki Bertens (14187351),Andrey Rublev (14187346),Anett Kontaveit (14187345),Dominic Thiem (14187342),Daniil Medvedev (14187341),47200,0.015888,0
Nick Kyrgios (14187355),Kiki Bertens (14187351),Anastasia Pavlyuchenkova (14187347),Simona Halep (14187343),Dominic Thiem (14187342),Daniil Medvedev (14187341),47600,0.0176245,0
Nick Kyrgios (14187355),Kiki Bertens (14187351),Andrey Rublev (14187346),Simona Halep (14187343),Dominic Thiem (14187342),Daniil Medvedev (14187341),47800,0.0177359,0
Nick Kyrgios (14187355),Kiki Bertens (14187351),Anett Kontaveit (14187345),Simona Halep (14187343),Dominic Thiem (14187342),Daniil Medvedev (14187341),47900,0.0184225,0

Gael Monfils (14187353),Elise Mertens (14187352),Anastasia Pavlyuchenkova (14187347),Andrey Rublev (14187346),Anett Kontaveit (14187345),Daniil Medvedev (14187341),46100,0.016109,0
Gael Monfils (14187353),Elise Mertens (14187352),Anastasia Pavlyuchenkova (14187347),Andrey Rublev (14187346),Garbine Muguruza (14187344),Daniil Medvedev (14187341),46300,0.0168614,0
Gael Monfils (14187353),Elise Mertens (14187352),Anastasia Pavlyuchenkova (14187347),Anett Kontaveit (14187345),Garbine Muguruza (14187344),Daniil Medvedev (14187341),46400,0.0175141,0
Gael Monfils (14187353),Elise Mertens (14187352),Andrey Rublev (14187346),Anett Kontaveit (14187345),Garbine Muguruza (14187344),Daniil Medvedev (14187341),46600,0.0176248,0
Gael Monfils (14187353),Elise Mertens (14187352),Anastasia Pavlyuchenkova (14187347),Andrey Rublev (14187346),Anett Kontaveit (14187345),Rafael Nadal (14187340),46700,0.0175028,0
Gael Monfils (14187353),Elise Mertens (14187352),Anastasia Pavlyuchenkova (14187347),Andrey Rublev (14187346),Garbine Muguruza (14187344),Rafael Nadal (14187340),46900,0.0183203,0
Gael Monfils (14187353),Elise Mertens (14187352),Anastasia Pavlyuchenkova (14187347),Anett Kontaveit (14187345),Garbine Muguruza (14187344),Rafael Nadal (14187340),47000,0.0190296,0
Gael Monfils (14187353),Elise Mertens (14187352),Andrey Rublev (14187346),Anett Kontaveit (14187345),Garbine Muguruza (14187344),Rafael Nadal (14187340),47200,0.0191498,0
Gael Monfils (14187353),Elise Mertens (14187352),Anastasia Pavlyuchenkova (14187347),Andrey Rublev (14187346),Daniil Medvedev (14187341),Rafael Nadal (14187340),48400,0.0238196,0
Gael Monfils (14187353),Elise Mertens (14187352),Anastasia Pavlyuchenkova (14187347),Anett Kontaveit (14187345),Daniil Medvedev (14187341),Rafael Nadal (14187340),48500,0.0247417,0
Gael Monfils (14187353),Elise Mertens (14187352),Andrey Rublev (14187346),Anett Kontaveit (14187345),Daniil Medvedev (14187341),Rafael Nadal (14187340),48700,0.024898,0
Gael Monfils (14187353),Elise Mertens (14187352),Anastasia Pavlyuchenkova (14187347),Garbine Muguruza (14187344),Daniil Medvedev (14187341),Rafael Nadal (14187340),48700,0.0258973,0
Gael Monfils (14187353),Elise Mertens (14187352),Andrey Rublev (14187346),Garbine Muguruza (14187344),Daniil Medvedev (14187341),Rafael Nadal (14187340),48900,0.0260609,0
Gael Monfils (14187353),Elise Mertens (14187352),Anett Kontaveit (14187345),Garbine Muguruza (14187344),Daniil Medvedev (14187341),Rafael Nadal (14187340),49000,0.0270698,0

Stan Wawrinka (14187354),Elise Mertens (14187352),Anastasia Pavlyuchenkova (14187347),Andrey Rublev (14187346),Anett Kontaveit (14187345),Dominic Thiem (14187342),45400,0.0138236,0
Stan Wawrinka (14187354),Elise Mertens (14187352),Anastasia Pavlyuchenkova (14187347),Andrey Rublev (14187346),Garbine Muguruza (14187344),Dominic Thiem (14187342),45600,0.0144693,0
Stan Wawrinka (14187354),Elise Mertens (14187352),Anastasia Pavlyuchenkova (14187347),Anett Kontaveit (14187345),Garbine Muguruza (14187344),Dominic Thiem (14187342),45700,0.0150295,0
Stan Wawrinka (14187354),Elise Mertens (14187352),Andrey Rublev (14187346),Anett Kontaveit (14187345),Garbine Muguruza (14187344),Dominic Thiem (14187342),45900,0.0151244,0
Stan Wawrinka (14187354),Elise Mertens (14187352),Anastasia Pavlyuchenkova (14187347),Andrey Rublev (14187346),Anett Kontaveit (14187345),Rafael Nadal (14187340),46300,0.0156434,0
Stan Wawrinka (14187354),Elise Mertens (14187352),Anastasia Pavlyuchenkova (14187347),Andrey Rublev (14187346),Garbine Muguruza (14187344),Rafael Nadal (14187340),46500,0.016374,0
Stan Wawrinka (14187354),Elise Mertens (14187352),Anastasia Pavlyuchenkova (14187347),Anett Kontaveit (14187345),Garbine Muguruza (14187344),Rafael Nadal (14187340),46600,0.0170079,0
Stan Wawrinka (14187354),Elise Mertens (14187352),Andrey Rublev (14187346),Anett Kontaveit (14187345),Garbine Muguruza (14187344),Rafael Nadal (14187340),46800,0.0171154,0
Stan Wawrinka (14187354),Elise Mertens (14187352),Anastasia Pavlyuchenkova (14187347),Andrey Rublev (14187346),Dominic Thiem (14187342),Rafael Nadal (14187340),47700,0.0204403,0
Stan Wawrinka (14187354),Elise Mertens (14187352),Anastasia Pavlyuchenkova (14187347),Anett Kontaveit (14187345),Dominic Thiem (14187342),Rafael Nadal (14187340),47800,0.0212317,0
Stan Wawrinka (14187354),Elise Mertens (14187352),Andrey Rublev (14187346),Anett Kontaveit (14187345),Dominic Thiem (14187342),Rafael Nadal (14187340),48000,0.0213658,0
Stan Wawrinka (14187354),Elise Mertens (14187352),Anastasia Pavlyuchenkova (14187347),Garbine Muguruza (14187344),Dominic Thiem (14187342),Rafael Nadal (14187340),48000,0.0222233,0
Stan Wawrinka (14187354),Elise Mertens (14187352),Andrey Rublev (14187346),Garbine Muguruza (14187344),Dominic Thiem (14187342),Rafael Nadal (14187340),48200,0.0223637,0
Stan Wawrinka (14187354),Elise Mertens (14187352),Anett Kontaveit (14187345),Garbine Muguruza (14187344),Dominic Thiem (14187342),Rafael Nadal (14187340),48300,0.0232295,0

Nick Kyrgios (14187355),Elise Mertens (14187352),Anastasia Pavlyuchenkova (14187347),Andrey Rublev (14187346),Garbine Muguruza (14187344),Dominic Thiem (14187342),45000,0.0106112,0
Nick Kyrgios (14187355),Elise Mertens (14187352),Anastasia Pavlyuchenkova (14187347),Anett Kontaveit (14187345),Garbine Muguruza (14187344),Dominic Thiem (14187342),45100,0.0110219,0
Nick Kyrgios (14187355),Elise Mertens (14187352),Andrey Rublev (14187346),Anett Kontaveit (14187345),Garbine Muguruza (14187344),Dominic Thiem (14187342),45300,0.0110916,0
Nick Kyrgios (14187355),Elise Mertens (14187352),Anastasia Pavlyuchenkova (14187347),Andrey Rublev (14187346),Anett Kontaveit (14187345),Daniil Medvedev (14187341),45100,0.0105586,0
Nick Kyrgios (14187355),Elise Mertens (14187352),Anastasia Pavlyuchenkova (14187347),Andrey Rublev (14187346),Garbine Muguruza (14187344),Daniil Medvedev (14187341),45300,0.0110518,0
Nick Kyrgios (14187355),Elise Mertens (14187352),Anastasia Pavlyuchenkova (14187347),Anett Kontaveit (14187345),Garbine Muguruza (14187344),Daniil Medvedev (14187341),45400,0.0114796,0
Nick Kyrgios (14187355),Elise Mertens (14187352),Andrey Rublev (14187346),Anett Kontaveit (14187345),Garbine Muguruza (14187344),Daniil Medvedev (14187341),45600,0.0115521,0
Nick Kyrgios (14187355),Elise Mertens (14187352),Anastasia Pavlyuchenkova (14187347),Andrey Rublev (14187346),Dominic Thiem (14187342),Daniil Medvedev (14187341),46500,0.0137963,0
Nick Kyrgios (14187355),Elise Mertens (14187352),Anastasia Pavlyuchenkova (14187347),Anett Kontaveit (14187345),Dominic Thiem (14187342),Daniil Medvedev (14187341),46600,0.0143304,0
Nick Kyrgios (14187355),Elise Mertens (14187352),Andrey Rublev (14187346),Anett Kontaveit (14187345),Dominic Thiem (14187342),Daniil Medvedev (14187341),46800,0.014421,0
Nick Kyrgios (14187355),Elise Mertens (14187352),Anastasia Pavlyuchenkova (14187347),Garbine Muguruza (14187344),Dominic Thiem (14187342),Daniil Medvedev (14187341),46800,0.0149998,0
Nick Kyrgios (14187355),Elise Mertens (14187352),Andrey Rublev (14187346),Garbine Muguruza (14187344),Dominic Thiem (14187342),Daniil Medvedev (14187341),47000,0.0150945,0
Nick Kyrgios (14187355),Elise Mertens (14187352),Anett Kontaveit (14187345),Garbine Muguruza (14187344),Dominic Thiem (14187342),Daniil Medvedev (14187341),47100,0.0156789,0

Stan Wawrinka (14187354),Gael Monfils (14187353),Anastasia Pavlyuchenkova (14187347),Andrey Rublev (14187346),Anett Kontaveit (14187345),Rafael Nadal (14187340),45500,0.0117798,0
Stan Wawrinka (14187354),Gael Monfils (14187353),Anastasia Pavlyuchenkova (14187347),Andrey Rublev (14187346),Garbine Muguruza (14187344),Rafael Nadal (14187340),45700,0.01233,0
Stan Wawrinka (14187354),Gael Monfils (14187353),Anastasia Pavlyuchenkova (14187347),Anett Kontaveit (14187345),Garbine Muguruza (14187344),Rafael Nadal (14187340),45800,0.0128073,0
Stan Wawrinka (14187354),Gael Monfils (14187353),Andrey Rublev (14187346),Anett Kontaveit (14187345),Garbine Muguruza (14187344),Rafael Nadal (14187340),46000,0.0128882,0
Stan Wawrinka (14187354),Gael Monfils (14187353),Anastasia Pavlyuchenkova (14187347),Andrey Rublev (14187346),Simona Halep (14187343),Rafael Nadal (14187340),46100,0.0131498,0
Stan Wawrinka (14187354),Gael Monfils (14187353),Anastasia Pavlyuchenkova (14187347),Anett Kontaveit (14187345),Simona Halep (14187343),Rafael Nadal (14187340),46200,0.0136589,0
Stan Wawrinka (14187354),Gael Monfils (14187353),Andrey Rublev (14187346),Anett Kontaveit (14187345),Simona Halep (14187343),Rafael Nadal (14187340),46400,0.0137452,0
Stan Wawrinka (14187354),Gael Monfils (14187353),Anastasia Pavlyuchenkova (14187347),Garbine Muguruza (14187344),Simona Halep (14187343),Rafael Nadal (14187340),46400,0.0142969,0
Stan Wawrinka (14187354),Gael Monfils (14187353),Andrey Rublev (14187346),Garbine Muguruza (14187344),Simona Halep (14187343),Rafael Nadal (14187340),46600,0.0143872,0
Stan Wawrinka (14187354),Gael Monfils (14187353),Anett Kontaveit (14187345),Garbine Muguruza (14187344),Simona Halep (14187343),Rafael Nadal (14187340),46700,0.0149442,0

Nick Kyrgios (14187355),Gael Monfils (14187353),Anastasia Pavlyuchenkova (14187347),Anett Kontaveit (14187345),Simona Halep (14187343),Daniil Medvedev (14187341),45000,0.00921917,0
Nick Kyrgios (14187355),Gael Monfils (14187353),Andrey Rublev (14187346),Anett Kontaveit (14187345),Simona Halep (14187343),Daniil Medvedev (14187341),45200,0.00927741,0
Nick Kyrgios (14187355),Gael Monfils (14187353),Anastasia Pavlyuchenkova (14187347),Garbine Muguruza (14187344),Simona Halep (14187343),Daniil Medvedev (14187341),45200,0.00964977,0
Nick Kyrgios (14187355),Gael Monfils (14187353),Andrey Rublev (14187346),Garbine Muguruza (14187344),Simona Halep (14187343),Daniil Medvedev (14187341),45400,0.00971073,0
Nick Kyrgios (14187355),Gael Monfils (14187353),Anett Kontaveit (14187345),Garbine Muguruza (14187344),Simona Halep (14187343),Daniil Medvedev (14187341),45500,0.0100867,0


