Id,Position,First Name,Nickname,Last Name,FPPG,Played,Salary,Game,Team,Opponent,Injury Indicator,Injury Details,Tier,,
40144-59218,W,David,David Pastrnak,Pastrnak,27.057141985212052,14,9200,BOS@MON,BOS,MON,,,,,
40144-8193,G,Tuukka,Tuukka Rask,Rask,28.799999237060547,8,9100,BOS@MON,BOS,MON,,,,,
40144-8612,G,Marc-Andre,Marc-Andre Fleury,Fleury,20.49230722280649,13,8900,VGK@CBJ,VGK,CBJ,,,,,
40144-41391,C,Nathan,Nathan MacKinnon,MacKinnon,20.514286586216517,14,8800,COL@DAL,COL,DAL,,,,,
40144-8763,W,Brad,Brad Marchand,Marchand,24.207142421177455,14,8700,BOS@MON,BOS,MON,,,,,
40144-70635,G,David,David Rittich,Rittich,20.49230722280649,13,8600,ARI@CGY,CGY,ARI,,,,,
40144-70899,C,Auston,Auston Matthews,Matthews,18.64000040690104,15,8600,LA@TOR,TOR,LA,,,,,
40144-8452,G,Carey,Carey Price,Price,19.418182373046875,11,8500,BOS@MON,MON,BOS,,,,,
40144-14466,G,Darcy,Darcy Kuemper,Kuemper,23.839999389648437,10,8400,ARI@CGY,ARI,CGY,,,,,
40144-8883,G,Ben,Ben Bishop,Bishop,16.363636363636363,11,8400,COL@DAL,DAL,COL,,,,,
40144-15339,G,Jordan,Jordan Binnington,Binnington,19.46666717529297,12,8400,STL@VAN,STL,VAN,,,,,
40144-8453,G,Jaroslav,Jaroslav Halak,Halak,22.933334350585938,6,8300,BOS@MON,BOS,MON,,,,,
40144-8732,G,Semyon,Semyon Varlamov,Varlamov,22.74285670689174,7,8300,OTT@NYI,NYI,OTT,,,,,
40144-23072,G,Frederik,Frederik Andersen,Andersen,18.181818181818183,11,8300,LA@TOR,TOR,LA,,,,,
40144-15268,G,John,John Gibson,Gibson,20.46666717529297,12,8200,MIN@ANH,ANH,MIN,,,,,
40144-12628,W,Mark,Mark Stone,Stone,17.326666259765624,15,8100,VGK@CBJ,VGK,CBJ,,,,,
40144-8633,G,Thomas,Thomas Greiss,Greiss,22.857142857142858,7,8100,OTT@NYI,NYI,OTT,,,,,
40144-8212,G,Ryan,Ryan Miller,Miller,19.360000610351562,5,8000,MIN@ANH,ANH,MIN,,,,,
40144-12697,G,Philipp,Philipp Grubauer,Grubauer,20.480000305175782,10,8000,COL@DAL,COL,DAL,,,,,
40144-15400,G,Petr,Petr Mrazek,Mrazek,21.422222561306423,9,8000,CAR@PHI,CAR,PHI,,,,,
40144-66737,W,Mikko,Mikko Rantanen,Rantanen,18.266665988498264,9,8000,COL@DAL,COL,DAL,IR,Lower body,,,
40144-8175,C,Patrice,Patrice Bergeron,Bergeron,17.185714721679688,14,8000,BOS@MON,BOS,MON,,,,,
40144-12283,G,Jacob,Jacob Markstrom,Markstrom,19.02222188313802,9,8000,STL@VAN,VAN,STL,,,,,
40144-70251,G,Thatcher,Thatcher Demko,Demko,24.160000610351563,5,7900,STL@VAN,VAN,STL,,,,,
40144-8262,W,Patrick,Patrick Kane,Kane,13.776923546424278,13,7800,CHI@SJ,CHI,SJ,,,,,
40144-43131,G,Malcolm,Malcolm Subban,Subban,6.800000190734863,2,7800,VGK@CBJ,VGK,CBJ,,,,,
40144-8394,C,Anze,Anze Kopitar,Kopitar,14.114286150251116,14,7800,LA@TOR,LA,TOR,,,,,
40144-66683,W,Mitchell,Mitchell Marner,Marner,16.259999593098957,15,7800,LA@TOR,TOR,LA,,,,,
40144-58909,G,Connor,Connor Hellebuyck,Hellebuyck,22.327273282137785,11,7800,NJ@WPG,WPG,NJ,,,,,
40144-12417,C,Tyler,Tyler Seguin,Seguin,11.012499809265137,16,7700,COL@DAL,DAL,COL,,,,,
40144-8864,G,Robin,Robin Lehner,Lehner,21.100000381469727,8,7700,CHI@SJ,CHI,SJ,,,,,
40144-40050,G,Antti,Antti Raanta,Raanta,19.399999618530273,4,7700,ARI@CGY,ARI,CGY,,,,,
40144-70900,W,Patrik,Patrik Laine,Laine,15.846153846153847,13,7700,NJ@WPG,WPG,NJ,,,,,
40144-12410,W,Taylor,Taylor Hall,Hall,14.608333587646484,12,7600,NJ@WPG,NJ,WPG,,,,,
40144-83213,G,Pavel,Pavel Francouz,Francouz,20,4,7600,COL@DAL,COL,DAL,,,,,
40144-14468,G,Anders,Anders Nilsson,Nilsson,19.599999745686848,6,7500,OTT@NYI,OTT,NYI,,,,,
40144-73938,G,Carter,Carter Hart,Hart,8.699999809265137,8,7500,CAR@PHI,PHI,CAR,,,,,
40144-23071,W,Vladimir,Vladimir Tarasenko,Tarasenko,14.63000030517578,10,7500,STL@VAN,STL,VAN,IR,Shoulder,,,
40144-8893,G,Anton,Anton Khudobin,Khudobin,16.933333079020183,6,7500,COL@DAL,DAL,COL,,,,,
40144-54065,G,Joonas,Joonas Korpisalo,Korpisalo,13.01818154074929,11,7500,VGK@CBJ,CBJ,VGK,,,,,
40144-15321,C,Mark,Mark Scheifele,Scheifele,13.413333129882812,15,7500,NJ@WPG,WPG,NJ,,,,,
40144-58904,G,Aaron,Aaron Dell,Dell,9.59999974568685,6,7500,CHI@SJ,SJ,CHI,,,,,
40144-8273,G,Corey,Corey Crawford,Crawford,11.59999974568685,6,7400,CHI@SJ,CHI,SJ,,,,,
40144-8494,C,John,John Tavares,Tavares,11.425000190734863,8,7400,LA@TOR,TOR,LA,,,,,
40144-8553,G,Brian,Brian Elliott,Elliott,12.800000190734863,8,7400,CAR@PHI,PHI,CAR,,,,,
40144-84409,C,Elias,Elias Pettersson,Pettersson,17.57857186453683,14,7400,STL@VAN,VAN,STL,,,,,
40144-9112,G,Jake,Jake Allen,Allen,10.666666666666666,3,7400,STL@VAN,STL,VAN,,,,,
40144-9252,G,Alex,Alex Stalock,Stalock,14.17142813546317,7,7400,MIN@ANH,MIN,ANH,,,,,
40144-11301,G,Cam,Cam Talbot,Talbot,9.919999694824218,5,7400,ARI@CGY,CGY,ARI,,,,,
40144-14183,G,Keith,Keith Kinkaid,Kinkaid,11.733333587646484,3,7400,BOS@MON,MON,BOS,,,,,
40144-79857,W,Brock,Brock Boeser,Boeser,16.42142813546317,14,7400,STL@VAN,VAN,STL,,,,,
40144-12619,G,Jack,Jack Campbell,Campbell,12.133333841959635,6,7300,LA@TOR,LA,TOR,,,,,
40144-8556,C,Claude,Claude Giroux,Giroux,12.930769700270433,13,7300,CAR@PHI,PHI,CAR,,,,,
40144-8920,G,Devan,Devan Dubnyk,Dubnyk,9.155555725097656,9,7300,MIN@ANH,MIN,ANH,,,,,
40144-9092,W,Evander,Evander Kane,Kane,18.4250005086263,12,7300,CHI@SJ,SJ,CHI,,,,,
40144-15306,W,Brendan,Brendan Gallagher,Gallagher,15.82857186453683,14,7300,BOS@MON,MON,BOS,,,,,
40144-9278,G,Martin,Martin Jones,Jones,9.527273004705256,11,7300,CHI@SJ,SJ,CHI,,,,,
40144-66744,G,MacKenzie,MacKenzie Blackwood,Blackwood,10.800000190734863,8,7300,NJ@WPG,NJ,WPG,,,,,
40144-14056,W,Cam,Cam Atkinson,Atkinson,12.164285932268415,14,7300,VGK@CBJ,CBJ,VGK,,,,,
40144-73946,C,Sebastian,Sebastian Aho,Aho,12.957142421177455,14,7200,CAR@PHI,CAR,PHI,,,,,
40144-8412,G,Jonathan,Jonathan Quick,Quick,6.800000190734863,8,7200,LA@TOR,LA,TOR,,,,,
40144-9052,G,James,James Reimer,Reimer,14.133333841959635,6,7200,CAR@PHI,CAR,PHI,,,,,
40144-11294,G,Michael,Michael Hutchinson,Hutchinson,7.680000305175781,5,7200,LA@TOR,TOR,LA,,,,,
40144-66599,G,Zane,Zane McIntyre,McIntyre,0,0,7200,STL@VAN,VAN,STL,,,,,
40144-42782,G,Oscar,Oscar Dansk,Dansk,0.800000011920929,1,7200,VGK@CBJ,VGK,CBJ,,,,,
40144-8292,G,Craig,Craig Anderson,Anderson,12.100000381469727,8,7100,OTT@NYI,OTT,NYI,,,,,
40144-8441,W,Max,Max Pacioretty,Pacioretty,15.326666259765625,15,7100,VGK@CBJ,VGK,CBJ,,,,,
40144-41389,C,Sean,Sean Monahan,Monahan,11.111764346852022,17,7100,ARI@CGY,CGY,ARI,,,,,
40144-103103,G,Elvis,Elvis Merzlikins,Merzlikins,7,4,7100,VGK@CBJ,CBJ,VGK,,,,,
40144-15271,G,Laurent,Laurent Brossoit,Brossoit,8,5,7100,NJ@WPG,WPG,NJ,,,,,
40144-54514,W,Johnny,Johnny Gaudreau,Gaudreau,11.741176829618567,17,7100,ARI@CGY,CGY,ARI,,,,,
40144-82001,G,Collin,Collin Delia,Delia,16.75,16,7000,CHI@SJ,CHI,SJ,,,,,
40144-14483,G,Louis,Louis Domingue,Domingue,20.830768291766827,26,7000,NJ@WPG,NJ,WPG,,,,,
40144-8426,D,Brent,Brent Burns,Burns,14.786666870117188,15,7000,CHI@SJ,SJ,CHI,,,,,
40144-14697,W,Gabriel,Gabriel Landeskog,Landeskog,10.9272724498402,11,7000,COL@DAL,COL,DAL,IR,Lower body,,,
40144-8781,G,Cory,Cory Schneider,Schneider,1.9200000762939453,5,7000,NJ@WPG,NJ,WPG,,,,,
40144-15258,G,Garret,Garret Sparks,Sparks,1.600000023841858,1,7000,VGK@CBJ,VGK,CBJ,,,,,
40144-68647,G,Charlie,Charlie Lindgren,Lindgren,27.200000762939453,1,7000,BOS@MON,MON,BOS,,,,,
40144-66612,G,Adin,Adin Hill,Hill,15.076923076923077,13,7000,ARI@CGY,ARI,CGY,,,,,
40144-9302,G,Michal,Michal Neuvirth,Neuvirth,4.914285932268415,7,7000,LA@TOR,TOR,LA,,,,,
40144-38243,G,Anthony,Anthony Stolarz,Stolarz,12.133332994249132,18,7000,MIN@ANH,ANH,MIN,,,,,
40144-59226,G,Alex,Alex Nedeljkovic,Nedeljkovic,23.200000762939453,1,7000,CAR@PHI,CAR,PHI,,,,,
40144-8182,W,Blake,Blake Wheeler,Wheeler,12,15,7000,NJ@WPG,WPG,NJ,,,,,
40144-8682,W,Phil,Phil Kessel,Kessel,10.82857186453683,14,6900,ARI@CGY,ARI,CGY,,,,,
40144-8303,W,Jakub,Jakub Voracek,Voracek,12.00769277719351,13,6800,CAR@PHI,PHI,CAR,,,,,
40144-15308,C,Sean,Sean Couturier,Couturier,11.584615854116587,13,6800,CAR@PHI,PHI,CAR,,,,,
40144-70904,W,Matthew,Matthew Tkachuk,Tkachuk,13.941176470588236,17,6800,ARI@CGY,CGY,ARI,,,,,
40144-39238,W,Anders,Anders Lee,Lee,11.015384380634014,13,6700,OTT@NYI,NYI,OTT,,,,,
40144-9124,C,Ryan,Ryan O'Reilly,O'Reilly,13.426666259765625,15,6700,STL@VAN,STL,VAN,,,,,
40144-21546,W,Alexander,Alexander Radulov,Radulov,11.512499809265137,16,6700,COL@DAL,DAL,COL,,,,,
40144-70125,W,Kyle,Kyle Connor,Connor,13.806667073567708,15,6600,NJ@WPG,WPG,NJ,,,,,
40144-8986,W,Jamie,Jamie Benn,Benn,8.3125,16,6600,COL@DAL,DAL,COL,,,,,
40144-15356,D,Dougie,Dougie Hamilton,Hamilton,18.071428571428573,14,6600,CAR@PHI,CAR,PHI,,,,,
40144-66685,C,Mathew,Mathew Barzal,Barzal,13.946154080904448,13,6600,OTT@NYI,NYI,OTT,,,,,
40144-8134,C,Ryan,Ryan Getzlaf,Getzlaf,13.112500190734863,16,6600,MIN@ANH,ANH,MIN,,,,,
40144-41390,C,Elias,Elias Lindholm,Lindholm,14.641176111557904,17,6500,ARI@CGY,CGY,ARI,,,,,
40144-37881,D,Morgan,Morgan Rielly,Rielly,14.586666870117188,15,6500,LA@TOR,TOR,LA,,,,,
40144-9266,C,Brayden,Brayden Schenn,Schenn,14.066666666666666,15,6500,STL@VAN,STL,VAN,,,,,
40144-8254,C,Jonathan,Jonathan Toews,Toews,8,13,6400,CHI@SJ,CHI,SJ,,,,,
40144-8551,D,Erik,Erik Karlsson,Karlsson,11.285714285714286,14,6400,CHI@SJ,SJ,CHI,,,,,
40144-9269,C,Logan,Logan Couture,Couture,10.593332926432291,15,6400,CHI@SJ,SJ,CHI,,,,,
40144-37968,W,Jonathan,Jonathan Marchessault,Marchessault,11.493332926432291,15,6400,VGK@CBJ,VGK,CBJ,,,,,
40144-85470,W,Andrei,Andrei Svechnikov,Svechnikov,15.642857142857142,14,6400,CAR@PHI,CAR,PHI,,,,,
40144-43178,W,Teuvo,Teuvo Teravainen,Teravainen,13.07857186453683,14,6300,CAR@PHI,CAR,PHI,,,,,
40144-12644,W,Kyle,Kyle Palmieri,Palmieri,13.766666412353516,12,6300,NJ@WPG,NJ,WPG,,,,,
40144-66508,W,Travis,Travis Konecny,Konecny,15,13,6300,CAR@PHI,PHI,CAR,,,,,
40144-39990,C,William,William Karlsson,Karlsson,13.833333333333334,15,6300,VGK@CBJ,VGK,CBJ,,,,,
40144-40036,C,Tomas,Tomas Hertl,Hertl,12.353333536783854,15,6300,CHI@SJ,SJ,CHI,,,,,
40144-42478,C,Bo,Bo Horvat,Horvat,15.450000217982701,14,6300,STL@VAN,VAN,STL,,,,,
40144-8234,C,Eric,Eric Staal,Staal,10.392857142857142,14,6200,MIN@ANH,MIN,ANH,,,,,
40144-15360,W,J.T.,J.T. Miller,Miller,15.492856706891741,14,6200,STL@VAN,VAN,STL,,,,,
40144-9321,W,Tomas,Tomas Tatar,Tatar,12.599999564034599,14,6200,BOS@MON,MON,BOS,,,,,
40144-14473,W,Jakob,Jakob Silfverberg,Silfverberg,12.399999618530273,16,6100,MIN@ANH,ANH,MIN,,,,,
40144-8640,W,David,David Perron,Perron,14.013333129882813,15,6100,STL@VAN,STL,VAN,,,,,
40144-8651,D,Alex,Alex Pietrangelo,Pietrangelo,13.413333129882812,15,6100,STL@VAN,STL,VAN,,,,,
40144-41592,C,Max,Max Domi,Domi,11.914285932268415,14,6100,BOS@MON,MON,BOS,,,,,
40144-8402,W,Dustin,Dustin Brown,Brown,10.571428571428571,14,6000,LA@TOR,LA,TOR,,,,,
40144-41394,D,Seth,Seth Jones,Jones,11.521428789411273,14,6000,VGK@CBJ,CBJ,VGK,,,,,
40144-73885,W,Alex,Alex DeBrincat,DeBrincat,11.684614915114183,13,5900,CHI@SJ,CHI,SJ,,,,,
40144-8406,D,Drew,Drew Doughty,Doughty,14.085714067731585,14,5900,LA@TOR,LA,TOR,,,,,
40144-8615,W,Joe,Joe Pavelski,Pavelski,8.043749809265137,16,5900,COL@DAL,DAL,COL,,,,,
40144-80286,C,Roope,Roope Hintz,Hintz,11.768750190734863,16,5800,COL@DAL,DAL,COL,O,Lower body,,,
40144-58907,W,Nikolaj,Nikolaj Ehlers,Ehlers,15.693332926432292,15,5800,NJ@WPG,WPG,NJ,,,,,
40144-8230,D,Mark,Mark Giordano,Giordano,12.558823529411764,17,5700,ARI@CGY,CGY,ARI,,,,,
40144-70901,C,Pierre-Luc,Pierre-Luc Dubois,Dubois,12.907142639160156,14,5700,VGK@CBJ,CBJ,VGK,,,,,
40144-70905,W,Clayton,Clayton Keller,Keller,9.87857164655413,14,5700,ARI@CGY,ARI,CGY,,,,,
40144-8467,D,Shea,Shea Weber,Weber,11.957142421177455,14,5600,BOS@MON,MON,BOS,,,,,
40144-8495,W,Josh,Josh Bailey,Bailey,11.253846388596754,13,5600,OTT@NYI,NYI,OTT,,,,,
40144-21122,W,Jaden,Jaden Schwartz,Schwartz,10.32000020345052,15,5600,STL@VAN,STL,VAN,,,,,
40144-21648,D,Torey,Torey Krug,Krug,12.207142421177455,14,5600,BOS@MON,BOS,MON,,,,,
40144-8709,D,Alexander,Alexander Edler,Edler,15.135713849748884,14,5500,STL@VAN,VAN,STL,,,,,
40144-9025,W,Jordan,Jordan Eberle,Eberle,8.84000015258789,5,5500,OTT@NYI,NYI,OTT,IR,Lower body,,,
40144-15269,W,Rickard,Rickard Rakell,Rakell,10.425000190734863,16,5500,MIN@ANH,ANH,MIN,,,,,
40144-21897,C,Brock,Brock Nelson,Nelson,13.49230722280649,13,5500,OTT@NYI,NYI,OTT,,,,,
40144-13982,W,Gustav,Gustav Nyquist,Nyquist,9.257143293108259,14,5500,VGK@CBJ,CBJ,VGK,,,,,
40144-39269,C,Erik,Erik Haula,Haula,12.864286150251116,14,5400,CAR@PHI,CAR,PHI,O,Undisclosed,,,
40144-12843,C,Adam,Adam Henrique,Henrique,11,16,5400,MIN@ANH,ANH,MIN,,,,,
40144-8797,W,James,James van Riemsdyk,van Riemsdyk,11.176923311673677,13,5400,CAR@PHI,PHI,CAR,,,,,
40144-21689,W,Reilly,Reilly Smith,Smith,13.046666463216146,15,5400,VGK@CBJ,VGK,CBJ,,,,,
40144-58990,C,Kevin,Kevin Hayes,Hayes,10.776923546424278,13,5400,CAR@PHI,PHI,CAR,,,,,
40144-59276,W,William,William Nylander,Nylander,9.753333536783854,15,5400,LA@TOR,TOR,LA,,,,,
40144-12253,W,Mats,Mats Zuccarello,Zuccarello,6.819999694824219,10,5400,MIN@ANH,MIN,ANH,,,,,
40144-68640,D,Zach,Zach Werenski,Werenski,10.414285932268415,14,5300,VGK@CBJ,CBJ,VGK,,,,,
40144-66759,D,Thomas,Thomas Chabot,Chabot,13.184614915114183,13,5300,OTT@NYI,OTT,NYI,,,,,
40144-42417,W,Jonathan,Jonathan Drouin,Drouin,13.271428789411273,14,5300,BOS@MON,MON,BOS,,,,,
40144-12244,D,Oliver,Oliver Ekman-Larsson,Ekman-Larsson,9.864286150251116,14,5300,ARI@CGY,ARI,CGY,,,,,
40144-8478,W,Zach,Zach Parise,Parise,6.9500002179827005,14,5200,MIN@ANH,MIN,ANH,,,,,
40144-8555,W,Jeff,Jeff Carter,Carter,11.314285278320312,14,5200,LA@TOR,LA,TOR,,,,,
40144-12728,W,Nino,Nino Niederreiter,Niederreiter,7.614285605294364,14,5200,CAR@PHI,CAR,PHI,,,,,
40144-12812,D,Jared,Jared Spurgeon,Spurgeon,10.12857164655413,14,5200,MIN@ANH,MIN,ANH,,,,,
40144-62869,W,Andreas,Andreas Johnsson,Johnsson,10.446666463216145,15,5200,LA@TOR,TOR,LA,,,,,
40144-58891,W,Kevin,Kevin Labanc,Labanc,10.466666666666667,15,5200,CHI@SJ,SJ,CHI,,,,,
40144-8176,C,David,David Krejci,Krejci,9.362500190734863,8,5200,BOS@MON,BOS,MON,,,,,
40144-8274,C,Paul,Paul Stastny,Stastny,9.853333536783854,15,5100,VGK@CBJ,VGK,CBJ,,,,,
40144-9107,D,P.K.,P.K. Subban,Subban,9.466666539510092,12,5100,NJ@WPG,NJ,WPG,,,,,
40144-15277,C,Phillip,Phillip Danault,Danault,9.542857578822545,14,5100,BOS@MON,MON,BOS,,,,,
40144-66511,D,Ivan,Ivan Provorov,Provorov,12.23076923076923,13,5100,CAR@PHI,PHI,CAR,,,,,
40144-66680,D,Jaccob,Jaccob Slavin,Slavin,12.799999782017299,14,5100,CAR@PHI,CAR,PHI,,,,,
40144-73889,C,Nick,Nick Schmaltz,Schmaltz,11.764285496303014,14,5000,ARI@CGY,ARI,CGY,,,,,
40144-12624,W,Tyler,Tyler Toffoli,Toffoli,9.046153728778545,13,5000,LA@TOR,LA,TOR,,,,,
40144-8741,C,Nazem,Nazem Kadri,Kadri,10.485714503696986,14,5000,COL@DAL,COL,DAL,,,,,
40144-111493,C,Jack,Jack Hughes,Hughes,9.566666920979818,12,5000,NJ@WPG,NJ,WPG,,,,,
40144-39870,W,Tanner,Tanner Pearson,Pearson,10.207142421177455,14,5000,STL@VAN,VAN,STL,,,,,
40144-66690,W,Timo,Timo Meier,Meier,8.353333536783854,15,5000,CHI@SJ,SJ,CHI,,,,,
40144-42773,W,Oliver,Oliver Bjorkstrand,Bjorkstrand,8.549999782017299,14,5000,VGK@CBJ,CBJ,VGK,,,,,
40144-14457,D,John,John Klingberg,Klingberg,7.081250190734863,16,4900,COL@DAL,DAL,COL,,,,,
40144-97147,W,Brady,Brady Tkachuk,Tkachuk,13.046154315655048,13,4900,OTT@NYI,OTT,NYI,,,,,
40144-21686,W,Jason,Jason Zucker,Zucker,9.400000435965401,14,4900,MIN@ANH,MIN,ANH,,,,,
40144-12448,C,Derek,Derek Stepan,Stepan,7.5,14,4800,ARI@CGY,ARI,CGY,,,,,
40144-12460,D,Cam,Cam Fowler,Fowler,9.412500381469727,16,4800,MIN@ANH,ANH,MIN,,,,,
40144-8539,W,Nick,Nick Foligno,Foligno,7.664285932268415,14,4800,VGK@CBJ,CBJ,VGK,,,,,
40144-8596,C,Jordan,Jordan Staal,Staal,6.778571537562779,14,4800,CAR@PHI,CAR,PHI,,,,,
40144-9189,C,Mikael,Mikael Backlund,Backlund,6.117647058823529,17,4800,ARI@CGY,CGY,ARI,,,,,
40144-54521,D,Shayne,Shayne Gostisbehere,Gostisbehere,7.523077157827524,13,4800,CAR@PHI,PHI,CAR,,,,,
40144-58686,W,Kasperi,Kasperi Kapanen,Kapanen,9.259999593098959,15,4800,LA@TOR,TOR,LA,,,,,
40144-8162,C,Bryan,Bryan Little,Little,11.733333587646484,6,4800,NJ@WPG,WPG,NJ,,,,,
40144-8266,D,Duncan,Duncan Keith,Keith,8.776922959547777,13,4700,CHI@SJ,CHI,SJ,,,,,
40144-43093,D,Shea,Shea Theodore,Theodore,9.146666463216146,15,4700,VGK@CBJ,VGK,CBJ,,,,,
40144-8294,W,Derick,Derick Brassard,Brassard,9.66153834416316,13,4700,OTT@NYI,NYI,OTT,,,,,
40144-8414,C,Mikko,Mikko Koivu,Koivu,7.785714285714286,14,4700,MIN@ANH,MIN,ANH,,,,,
40144-70279,W,J.T.,J.T. Compher,Compher,7.827272588556463,11,4700,COL@DAL,COL,DAL,,,,,
40144-11204,D,Jake,Jake Muzzin,Muzzin,11.285714285714286,14,4700,LA@TOR,TOR,LA,,,,,
40144-66601,W,Jake,Jake DeBrusk,DeBrusk,8.549999782017299,14,4700,BOS@MON,BOS,MON,,,,,
40144-80991,C,Nico,Nico Hischier,Hischier,9.09000015258789,10,4700,NJ@WPG,NJ,WPG,,,,,
40144-103523,D,Cale,Cale Makar,Makar,11.278570992606026,14,4700,COL@DAL,COL,DAL,,,,,
40144-54503,W,Ryan,Ryan Dzingel,Dzingel,9.728571210588727,14,4700,CAR@PHI,CAR,PHI,,,,,
40144-61246,D,Colton,Colton Parayko,Parayko,9.453333536783854,15,4700,STL@VAN,STL,VAN,,,,,
40144-42833,W,Andre,Andre Burakovsky,Burakovsky,10.471429007393974,14,4700,COL@DAL,COL,DAL,,,,,
40144-8466,D,Ryan,Ryan Suter,Suter,7.992857251848493,14,4600,MIN@ANH,MIN,ANH,,,,,
40144-8611,D,Alex,Alex Goligoski,Goligoski,10.942856924874443,14,4600,ARI@CGY,ARI,CGY,,,,,
40144-65969,C,Dylan,Dylan Strome,Strome,8.923076923076923,13,4600,CHI@SJ,CHI,SJ,,,,,
40144-80475,W,Oskar,Oskar Lindblom,Lindblom,12.853846623347355,13,4600,CAR@PHI,PHI,CAR,,,,,
40144-15280,W,Brandon,Brandon Saad,Saad,8.953846271221455,13,4600,CHI@SJ,CHI,SJ,,,,,
40144-66686,W,Anthony,Anthony Beauvillier,Beauvillier,9.300000117375301,13,4600,OTT@NYI,NYI,OTT,,,,,
40144-8158,W,Ilya,Ilya Kovalchuk,Kovalchuk,9.650000435965401,14,4600,LA@TOR,LA,TOR,,,,,
40144-42981,D,Josh,Josh Morrissey,Morrissey,11.615384615384615,13,4600,NJ@WPG,WPG,NJ,,,,,
40144-79898,C,Colin,Colin White,White,5.699999809265137,8,4500,OTT@NYI,OTT,NYI,IR,Hip,,,
40144-82004,W,Cody,Cody Glass,Glass,7.406666564941406,15,4500,VGK@CBJ,VGK,CBJ,,,,,
40144-15251,C,Boone,Boone Jenner,Jenner,7.828571319580078,14,4500,VGK@CBJ,CBJ,VGK,,,,,
40144-15255,W,Josh,Josh Leivo,Leivo,8.37857164655413,14,4500,STL@VAN,VAN,STL,,,,,
40144-15313,W,Vladislav,Vladislav Namestnikov,Namestnikov,12.23076923076923,13,4500,OTT@NYI,OTT,NYI,,,,,
40144-13981,D,Tyson,Tyson Barrie,Barrie,8.353333536783854,15,4500,LA@TOR,TOR,LA,,,,,
40144-14178,D,Justin,Justin Faulk,Faulk,6.8600001017252605,15,4500,STL@VAN,STL,VAN,,,,,
40144-8237,C,Brandon,Brandon Sutter,Sutter,10.799999782017299,14,4400,STL@VAN,VAN,STL,,,,,
40144-80005,D,Neal,Neal Pionk,Pionk,9.986666870117187,15,4400,NJ@WPG,WPG,NJ,,,,,
40144-12609,W,Zach,Zach Hyman,Hyman,9.954929405534772,71,4400,LA@TOR,TOR,LA,O,Knee,,,
40144-39243,D,Nate,Nate Schmidt,Schmidt,13.066666920979818,3,4400,VGK@CBJ,VGK,CBJ,,,,,
40144-70168,W,Alex,Alex Tuch,Tuch,8.399999618530273,2,4400,VGK@CBJ,VGK,CBJ,O,Upper body,,,
40144-70199,D,Devon,Devon Toews,Toews,10.169230534480167,13,4400,OTT@NYI,NYI,OTT,,,,,
40144-8972,C,Tyler,Tyler Bozak,Bozak,6.079999796549479,15,4400,STL@VAN,STL,VAN,,,,,
40144-101277,D,Quinn,Quinn Hughes,Hughes,9.23076923076923,13,4400,STL@VAN,VAN,STL,,,,,
40144-70928,C,Sam,Sam Steel,Steel,5.724999745686849,12,4400,MIN@ANH,ANH,MIN,,,,,
40144-104140,W,Ilya,Ilya Mikheyev,Mikheyev,11.52000020345052,15,4400,LA@TOR,TOR,LA,,,,,
40144-42983,W,Joel,Joel Armia,Armia,12.691666920979818,12,4400,BOS@MON,MON,BOS,,,,,
40144-14474,D,Sami,Sami Vatanen,Vatanen,11.058333079020182,12,4300,NJ@WPG,NJ,WPG,,,,,
40144-82174,D,Miro,Miro Heiskanen,Heiskanen,11.5,16,4300,COL@DAL,DAL,COL,,,,,
40144-8619,W,Patrick,Patrick Marleau,Marleau,8.627272865988992,11,4300,CHI@SJ,SJ,CHI,,,,,
40144-70128,W,Danton,Danton Heinen,Heinen,7.100000108991351,14,4300,BOS@MON,BOS,MON,,,,,
40144-39464,D,Hampus,Hampus Lindholm,Lindholm,9.807143075125557,14,4300,MIN@ANH,ANH,MIN,,,,,
40144-16969,C,Charlie,Charlie Coyle,Coyle,7.085714067731585,14,4300,BOS@MON,BOS,MON,,,,,
40144-11170,D,Nick,Nick Leddy,Leddy,9.5,11,4300,OTT@NYI,NYI,OTT,O,Lower body,,,
40144-11201,D,Jeff,Jeff Petry,Petry,11.685714721679688,14,4300,BOS@MON,MON,BOS,,,,,
40144-70908,W,Tyson,Tyson Jost,Jost,7.428571428571429,14,4300,COL@DAL,COL,DAL,,,,,
40144-70912,D,Charlie,Charlie McAvoy,McAvoy,6.435714176722935,14,4300,BOS@MON,BOS,MON,,,,,
40144-62783,W,Joonas,Joonas Donskoi,Donskoi,9.271428789411273,14,4300,COL@DAL,COL,DAL,,,,,
40144-43022,W,Connor,Connor Brown,Brown,12.346153846153847,13,4200,OTT@NYI,OTT,NYI,,,,,
40144-39235,C,Chris,Chris Tierney,Tierney,8.746153611403246,13,4200,OTT@NYI,OTT,NYI,,,,,
40144-8516,C,Artem,Artem Anisimov,Anisimov,6.880000305175781,5,4200,OTT@NYI,OTT,NYI,,,,,
40144-12952,D,Jake,Jake Gardiner,Gardiner,6.607142857142857,14,4200,CAR@PHI,CAR,PHI,,,,,
40144-9036,D,Travis,Travis Hamonic,Hamonic,6.8705884148092835,17,4200,ARI@CGY,CGY,ARI,,,,,
40144-97116,C,Jesperi,Jesperi Kotkaniemi,Kotkaniemi,5.775000254313151,12,4200,BOS@MON,MON,BOS,IR,Groin,,,
40144-15272,W,Micheal,Micheal Ferland,Ferland,5.533333460489909,12,4200,STL@VAN,VAN,STL,IR,Concussion,,,
40144-62429,C,Adrian,Adrian Kempe,Kempe,6.378571646554129,14,4200,LA@TOR,LA,TOR,,,,,
40144-37880,C,Scott,Scott Laughton,Laughton,6.222222222222222,9,4200,CAR@PHI,PHI,CAR,IR,Finger,,,
40144-62492,D,Erik,Erik Gustafsson,Gustafsson,5.816666920979817,12,4200,CHI@SJ,CHI,SJ,,,,,
40144-66622,W,Conor,Conor Garland,Garland,12.12857164655413,14,4200,ARI@CGY,ARI,CGY,,,,,
40144-58881,W,Sammy,Sammy Blais,Blais,9.046153728778545,13,4200,STL@VAN,STL,VAN,,,,,
40144-59120,C,Christian,Christian Dvorak,Dvorak,9.157142639160156,14,4200,ARI@CGY,ARI,CGY,,,,,
40144-59271,D,Travis,Travis Sanheim,Sanheim,7.4461540809044475,13,4200,CAR@PHI,PHI,CAR,,,,,
40144-73909,D,Samuel,Samuel Girard,Girard,7.614285605294364,14,4100,COL@DAL,COL,DAL,,,,,
40144-43200,D,Ryan,Ryan Pulock,Pulock,9.353846036470854,13,4100,OTT@NYI,NYI,OTT,,,,,
40144-8404,W,Wayne,Wayne Simmonds,Simmonds,10.016666412353516,12,4100,NJ@WPG,NJ,WPG,,,,,
40144-82179,C,Alexander,Alexander Kerfoot,Kerfoot,7.96000010172526,15,4100,LA@TOR,TOR,LA,,,,,
40144-70483,W,Artturi,Artturi Lehkonen,Lehkonen,7.5428570338657925,14,4100,BOS@MON,MON,BOS,,,,,
40144-54743,C,Alexander,Alexander Wennberg,Wennberg,6.735714503696987,14,4100,VGK@CBJ,CBJ,VGK,,,,,
40144-42772,W,Josh,Josh Anderson,Anderson,6.900000095367432,8,4100,VGK@CBJ,CBJ,VGK,,,,,
40144-23225,D,Matt,Matt Dumba,Dumba,9.192856924874443,14,4000,MIN@ANH,MIN,ANH,,,,,
40144-11158,D,T.J.,T.J. Brodie,Brodie,7.3705884148092835,17,4000,ARI@CGY,CGY,ARI,,,,,
40144-15281,W,Andrew,Andrew Shaw,Shaw,5.538461538461538,13,4000,CHI@SJ,CHI,SJ,,,,,
40144-58332,W,Sam,Sam Bennett,Bennett,6.23999989827474,15,4000,ARI@CGY,CGY,ARI,,,,,
40144-66600,W,Blake,Blake Coleman,Coleman,7.933333079020183,12,4000,NJ@WPG,NJ,WPG,,,,,
40144-80992,C,Nolan,Nolan Patrick,Patrick,7.3138885498046875,72,4000,CAR@PHI,PHI,CAR,O,Head,,,
40144-79935,W,Alex,Alex Iafallo,Iafallo,6.971428462437221,14,3900,LA@TOR,LA,TOR,,,,,
40144-43120,W,Anthony,Anthony Duclair,Duclair,12.038461538461538,13,3900,OTT@NYI,OTT,NYI,,,,,
40144-65970,W,Pavel,Pavel Zacha,Zacha,8.145454406738281,11,3900,NJ@WPG,NJ,WPG,,,,,
40144-8628,D,Marc-Edouard,Marc-Edouard Vlasic,Vlasic,6,15,3900,CHI@SJ,SJ,CHI,,,,,
40144-70511,W,Denis,Denis Gurianov,Gurianov,9.416666666666666,12,3900,COL@DAL,DAL,COL,,,,,
40144-15287,C,Jean-Gabriel,Jean-Gabriel Pageau,Pageau,13.015384380634014,13,3900,OTT@NYI,OTT,NYI,,,,,
40144-66515,D,Vince,Vince Dunn,Dunn,7.386666870117187,15,3900,STL@VAN,STL,VAN,,,,,
40144-66606,D,Brandon,Brandon Carlo,Carlo,7.314285823277065,14,3900,BOS@MON,BOS,MON,,,,,
40144-8142,W,Corey,Corey Perry,Perry,5.833333333333333,9,3900,COL@DAL,DAL,COL,,,,,
40144-8211,D,Tyler,Tyler Myers,Myers,7.657142639160156,14,3800,STL@VAN,VAN,STL,,,,,
40144-59413,W,Jake,Jake Virtanen,Virtanen,8.685714176722936,14,3800,STL@VAN,VAN,STL,,,,,
40144-8328,D,Matt,Matt Niskanen,Niskanen,8.892307574932392,13,3800,CAR@PHI,PHI,CAR,,,,,
40144-74047,W,Jack,Jack Roslovic,Roslovic,6.646666463216146,15,3800,NJ@WPG,WPG,NJ,,,,,
40144-39295,C,Carl,Carl Soderberg,Soderberg,8.907142639160156,14,3800,ARI@CGY,ARI,CGY,,,,,
40144-8614,C,Joe,Joe Thornton,Thornton,4.3,15,3800,CHI@SJ,SJ,CHI,,,,,
40144-8967,D,Alec,Alec Martinez,Martinez,8.035714285714286,14,3800,LA@TOR,LA,TOR,,,,,
40144-37883,D,Cody,Cody Ceci,Ceci,7.093333435058594,15,3800,LA@TOR,TOR,LA,,,,,
40144-54575,D,Esa,Esa Lindell,Lindell,6.981249809265137,16,3800,COL@DAL,DAL,COL,,,,,
40144-58878,C,Oskar,Oskar Sundqvist,Sundqvist,5.493333435058593,15,3800,STL@VAN,STL,VAN,,,,,
40144-42862,D,Olli,Olli Maatta,Maatta,5.292307927058293,13,3800,CHI@SJ,CHI,SJ,,,,,
40144-42908,D,Brad,Brad Hunt,Hunt,9.700000217982701,14,3800,MIN@ANH,MIN,ANH,,,,,
40144-8138,W,Bobby,Bobby Ryan,Ryan,5.890909368341619,11,3800,OTT@NYI,OTT,NYI,,,,,
40144-42994,D,Nikita,Nikita Zadorov,Zadorov,6.830769465519832,13,3800,COL@DAL,COL,DAL,,,,,
40144-8186,D,Zdeno,Zdeno Chara,Chara,9.37142835344587,14,3800,BOS@MON,BOS,MON,,,,,
40144-12291,D,Christopher,Christopher Tanev,Tanev,8.771428789411273,14,3700,STL@VAN,VAN,STL,,,,,
40144-8226,D,Jay,Jay Bouwmeester,Bouwmeester,5.386666870117187,15,3700,STL@VAN,STL,VAN,,,,,
40144-82029,D,Sean,Sean Walker,Walker,9.885713849748884,14,3700,LA@TOR,LA,TOR,,,,,
40144-43152,D,Damon,Damon Severson,Severson,5.466666539510091,12,3700,NJ@WPG,NJ,WPG,,,,,
40144-82075,D,Will,Will Butcher,Butcher,7.119999694824219,10,3700,NJ@WPG,NJ,WPG,,,,,
40144-73949,C,Joel,Joel Eriksson Ek,Eriksson Ek,7.490909229625355,11,3700,MIN@ANH,MIN,ANH,,,,,
40144-8475,C,Travis,Travis Zajac,Zajac,5,12,3700,NJ@WPG,NJ,WPG,,,,,
40144-8490,D,Andy,Andy Greene,Greene,9.199999809265137,8,3700,NJ@WPG,NJ,WPG,,,,,
40144-8531,D,Michael,Michael Del Zotto,Del Zotto,5.400000254313151,12,3700,MIN@ANH,ANH,MIN,,,,,
40144-84407,W,Alexandre,Alexandre Texier,Texier,5.427272796630859,11,3700,VGK@CBJ,CBJ,VGK,IR,Knee,,,
40144-23054,W,Leo,Leo Komarov,Komarov,5.314285823277065,7,3700,OTT@NYI,NYI,OTT,IR,Illness,,,
40144-64101,D,Noah,Noah Hanifin,Hanifin,7.529411764705882,17,3700,ARI@CGY,CGY,ARI,,,,,
40144-62195,D,Brett,Brett Pesce,Pesce,8.685714176722936,14,3700,CAR@PHI,CAR,PHI,,,,,
40144-23438,D,Jonas,Jonas Brodin,Brodin,6.514285496303013,14,3700,MIN@ANH,MIN,ANH,,,,,
40144-9270,D,Jason,Jason Demers,Demers,5.628571646554129,14,3700,ARI@CGY,ARI,CGY,,,,,
40144-66756,W,Andrew,Andrew Mangiapane,Mangiapane,6.773333231608073,15,3700,ARI@CGY,CGY,ARI,,,,,
40144-70914,D,Jakob,Jakob Chychrun,Chychrun,8.642857142857142,14,3700,ARI@CGY,ARI,CGY,,,,,
40144-13742,D,Ben,Ben Chiarot,Chiarot,6.571428571428571,14,3700,BOS@MON,MON,BOS,,,,,
40144-21936,D,Dylan,Dylan DeMelo,DeMelo,5.169230534480168,13,3700,OTT@NYI,OTT,NYI,,,,,
40144-62927,C,Derek,Derek Ryan,Ryan,7.276470408720129,17,3700,ARI@CGY,CGY,ARI,,,,,
40144-59117,W,Nick,Nick Ritchie,Ritchie,8.642857142857142,14,3700,MIN@ANH,ANH,MIN,,,,,
40144-59208,W,Kevin,Kevin Fiala,Fiala,5.600000169542101,9,3700,MIN@ANH,MIN,ANH,,,,,
40144-42922,W,Dominik,Dominik Kubalik,Kubalik,9.653846153846153,13,3700,CHI@SJ,CHI,SJ,,,,,
40144-8267,D,Brent,Brent Seabrook,Seabrook,6.663636641068892,11,3600,CHI@SJ,CHI,SJ,,,,,
40144-82006,C,Nick,Nick Suzuki,Suzuki,6.9500002179827005,14,3600,BOS@MON,MON,BOS,,,,,
40144-82045,W,Martin,Martin Necas,Necas,7.978571210588727,14,3600,CAR@PHI,CAR,PHI,,,,,
40144-43140,W,Barclay,Barclay Goodrow,Goodrow,7.066666666666666,15,3600,CHI@SJ,SJ,CHI,,,,,
40144-39261,D,Scott,Scott Mayfield,Mayfield,7.1999998826247,13,3600,OTT@NYI,NYI,OTT,,,,,
40144-8641,W,Alexander,Alexander Steen,Steen,6.4,15,3600,STL@VAN,STL,VAN,,,,,
40144-8647,D,Erik,Erik Johnson,Johnson,6.914285932268415,14,3600,COL@DAL,COL,DAL,,,,,
40144-80369,W,Jesper,Jesper Bratt,Bratt,6.763636502352628,11,3600,NJ@WPG,NJ,WPG,O,Upper body,,,
40144-12793,D,Brayden,Brayden McNabb,McNabb,5.83999989827474,15,3600,VGK@CBJ,VGK,CBJ,,,,,
40144-70169,D,Troy,Troy Stecher,Stecher,5.2000002179827005,14,3600,STL@VAN,VAN,STL,,,,,
40144-10842,D,Nick,Nick Holden,Holden,7.2866668701171875,15,3600,VGK@CBJ,VGK,CBJ,,,,,
40144-53866,D,Adam,Adam Pelech,Pelech,8,13,3600,OTT@NYI,NYI,OTT,,,,,
40144-8838,D,Johnny,Johnny Boychuk,Boychuk,11.041666666666666,12,3600,OTT@NYI,NYI,OTT,,,,,
40144-8878,D,Dmitry,Dmitry Kulikov,Kulikov,6.228571210588727,14,3600,NJ@WPG,WPG,NJ,,,,,
40144-70375,D,Nikita,Nikita Zaitsev,Zaitsev,8.492307809682993,13,3600,OTT@NYI,OTT,NYI,,,,,
40144-103203,W,Joel,Joel Farabee,Farabee,7.2000002179827005,7,3600,CAR@PHI,PHI,CAR,,,,,
40144-9040,D,Calvin,Calvin de Haan,de Haan,5.672727411443537,11,3600,CHI@SJ,CHI,SJ,,,,,
40144-54194,D,Josh,Josh Manson,Manson,6.254545731977983,11,3600,MIN@ANH,ANH,MIN,IR,Knee,,,
40144-15293,D,Jamie,Jamie Oleksiak,Oleksiak,4.900000095367432,16,3600,COL@DAL,DAL,COL,,,,,
40144-15340,D,Joel,Joel Edmundson,Edmundson,4.685714176722935,14,3600,CAR@PHI,CAR,PHI,,,,,
40144-15380,D,Jordie,Jordie Benn,Benn,4.685714176722935,14,3600,STL@VAN,VAN,STL,,,,,
40144-9275,W,Kyle,Kyle Clifford,Clifford,6.628571646554129,14,3600,LA@TOR,LA,TOR,,,,,
40144-66688,D,Rasmus,Rasmus Andersson,Andersson,6.400000179515166,17,3600,ARI@CGY,CGY,ARI,,,,,
40144-11410,D,Justin,Justin Braun,Braun,6.153846153846154,13,3600,CAR@PHI,PHI,CAR,,,,,
40144-54457,D,Jordan,Jordan Oesterle,Oesterle,8.462499618530273,8,3600,ARI@CGY,ARI,CGY,DTD,Head,,,
40144-66791,W,Carter,Carter Rowney,Rowney,5.925000190734863,16,3600,MIN@ANH,ANH,MIN,,,,,
40144-23928,C,Radek,Radek Faksa,Faksa,5.699999809265137,16,3600,COL@DAL,DAL,COL,,,,,
40144-21935,D,Connor,Connor Murphy,Murphy,4.799999872843425,6,3600,CHI@SJ,CHI,SJ,IR,Groin,,,
40144-54951,C,Pierre-Edouard,Pierre-Edouard Bellemare,Bellemare,7.628571646554129,14,3600,COL@DAL,COL,DAL,,,,,
40144-59142,C,Michael,Michael Amadio,Amadio,9.575000127156576,12,3600,LA@TOR,LA,TOR,,,,,
40144-59235,W,Tomas,Tomas Nosek,Nosek,7.226666768391927,15,3600,VGK@CBJ,VGK,CBJ,,,,,
40144-59269,D,Robert,Robert Hagg,Hagg,5.6,10,3600,CAR@PHI,PHI,CAR,,,,,
40144-79860,D,Victor,Victor Mete,Mete,6.4571429661342075,14,3600,BOS@MON,MON,BOS,,,,,
40144-12280,W,Magnus,Magnus Paajarvi,Paajarvi,6.220000076293945,80,3600,OTT@NYI,OTT,NYI,,,,,
40144-104452,D,Jack,Jack Ramsey,Ramsey,0,0,3500,CHI@SJ,CHI,SJ,,,,,
40144-43014,W,William,William Carrier,Carrier,4.906666564941406,15,3500,VGK@CBJ,VGK,CBJ,,,,,
40144-79881,D,Tucker,Tucker Poolman,Poolman,4.171428680419922,14,3500,NJ@WPG,WPG,NJ,DTD,Upper body,,,
40144-12299,D,David,David Savard,Savard,4.685714176722935,14,3500,VGK@CBJ,CBJ,VGK,,,,,
40144-38933,D,Slater,Slater Koekkoek,Koekkoek,5.485714503696987,7,3500,CHI@SJ,CHI,SJ,,,,,
40144-79924,D,Carson,Carson Soucy,Soucy,3.3454544760964136,11,3500,MIN@ANH,MIN,ANH,,,,,
40144-81983,W,Robert,Robert Thomas,Thomas,5.279999923706055,10,3500,STL@VAN,STL,VAN,,,,,
40144-8264,D,Dustin,Dustin Byfuglien,Byfuglien,12.799999418712797,42,3500,NJ@WPG,WPG,NJ,O,Suspension,,,
40144-8270,D,Niklas,Niklas Hjalmarsson,Hjalmarsson,6.199999809265137,4,3500,ARI@CGY,ARI,CGY,IR,Lower leg,,,
40144-82005,D,Nicolas,Nicolas Hague,Hague,4.662499904632568,8,3500,VGK@CBJ,VGK,CBJ,,,,,
40144-43122,D,Ryan,Ryan Graves,Graves,6.461538461538462,13,3500,COL@DAL,COL,DAL,,,,,
40144-43123,D,Trevor,Trevor Carrick,Carrick,0.5333333412806193,3,3500,CHI@SJ,SJ,CHI,,,,,
40144-84116,D,Erik,Erik Brannstrom,Brannstrom,3.6923076923076925,13,3500,OTT@NYI,OTT,NYI,,,,,
40144-80028,C,David,David Kampf,Kampf,7.507692190317007,13,3500,CHI@SJ,CHI,SJ,,,,,
40144-82076,D,Jacob,Jacob MacDonald,MacDonald,7.599999904632568,2,3500,COL@DAL,COL,DAL,,,,,
40144-12447,D,Erik,Erik Gudbranson,Gudbranson,3.933333396911621,12,3500,MIN@ANH,ANH,MIN,,,,,
40144-43167,D,Mirco,Mirco Mueller,Mueller,2.971428462437221,7,3500,NJ@WPG,NJ,WPG,,,,,
40144-61602,D,Ashton,Ashton Sautner,Sautner,1.600000023841858,1,3500,STL@VAN,VAN,STL,,,,,
40144-80036,D,Oscar,Oscar Fantenberg,Fantenberg,4.432786785188268,61,3500,STL@VAN,VAN,STL,,,,,
40144-116900,D,Thomas,Thomas Harley,Harley,0,0,3500,COL@DAL,DAL,COL,,,,,
40144-82112,D,Juuso,Juuso Valimaki,Valimaki,5.900000254313151,24,3500,ARI@CGY,CGY,ARI,O,Knee,,,
40144-8391,D,Dennis,Dennis Seidenberg,Seidenberg,0,0,3500,OTT@NYI,NYI,OTT,,,,,
40144-43207,D,Jake,Jake Dotchin,Dotchin,2.339999961853027,20,3500,STL@VAN,STL,VAN,,,,,
40144-8411,D,Thomas,Thomas Hickey,Hickey,5.570000076293946,40,3500,OTT@NYI,NYI,OTT,,,,,
40144-104674,D,Jesper,Jesper Sellgren,Sellgren,0,0,3500,CAR@PHI,CAR,PHI,,,,,
40144-82156,W,Max,Max Comtois,Comtois,6.300000277432528,11,3500,MIN@ANH,ANH,MIN,,,,,
40144-82177,D,Connor,Connor Clifton,Clifton,2.7999998728434243,12,3500,BOS@MON,BOS,MON,,,,,
40144-117000,D,Rob,Rob Michel,Michel,0,0,3500,CAR@PHI,PHI,CAR,,,,,
40144-82189,D,Conor,Conor Timmins,Timmins,0.800000011920929,2,3500,COL@DAL,COL,DAL,,,,,
40144-117017,D,Jack,Jack Sadek,Sadek,0,0,3500,MIN@ANH,MIN,ANH,,,,,
40144-117016,D,Nicholas,Nicholas Boka,Boka,0,0,3500,MIN@ANH,MIN,ANH,,,,,
40144-117020,D,Alex,Alex Breton,Breton,0,0,3500,MIN@ANH,MIN,ANH,,,,,
40144-12601,D,Dalton,Dalton Prout,Prout,3.200000047683716,1,3500,CHI@SJ,SJ,CHI,IR,Upper body,,,
40144-117050,D,Kaedan,Kaedan Korczak,Korczak,0,0,3500,VGK@CBJ,VGK,CBJ,,,,,
40144-117054,D,Cooper,Cooper Zech,Zech,0,0,3500,BOS@MON,BOS,MON,,,,,
40144-117057,D,Rob,Rob Hamilton,Hamilton,0,0,3500,ARI@CGY,CGY,ARI,,,,,
40144-117064,D,Derek,Derek Sheppard,Sheppard,0,0,3500,CAR@PHI,CAR,PHI,,,,,
40144-117066,D,Sasha,Sasha Larocque,Larocque,0,0,3500,COL@DAL,COL,DAL,,,,,
40144-117069,D,Peter,Peter Tischke,Tischke,0,0,3500,COL@DAL,COL,DAL,,,,,
40144-117080,D,Anton,Anton Karlsson,Karlsson,0,0,3500,VGK@CBJ,CBJ,VGK,,,,,
40144-74079,D,Josh,Josh Mahura,Mahura,11.733333587646484,3,3500,MIN@ANH,ANH,MIN,,,,,
40144-39264,D,Derek,Derek Forbort,Forbort,5.708641899956597,81,3500,LA@TOR,LA,TOR,O,Back,,,
40144-117095,D,Max,Max Gottlieb,Gottlieb,0,0,3500,LA@TOR,LA,TOR,,,,,
40144-117111,D,Maxence,Maxence Guenette,Guenette,0,0,3500,OTT@NYI,OTT,NYI,,,,,
40144-22905,D,Fredrik,Fredrik Claesson,Claesson,4.897297214817357,37,3500,CAR@PHI,CAR,PHI,,,,,
40144-74109,D,Keaton,Keaton Middleton,Middleton,0,0,3500,CHI@SJ,SJ,CHI,,,,,
40144-74132,D,Maxime,Maxime Lajoie,Lajoie,7.314285823277065,56,3500,OTT@NYI,OTT,NYI,,,,,
40144-61860,D,Ben,Ben Hutton,Hutton,7.371428353445871,14,3500,LA@TOR,LA,TOR,,,,,
40144-84404,D,Ilya,Ilya Lyubushkin,Lyubushkin,3.7333332697550454,6,3500,ARI@CGY,ARI,CGY,,,,,
40144-117184,D,Zack,Zack Hayes,Hayes,0,0,3500,MIN@ANH,ANH,MIN,,,,,
40144-117187,D,Steven,Steven Ruggiero,Ruggiero,0,0,3500,MIN@ANH,ANH,MIN,,,,,
40144-117186,D,Conor,Conor Riley,Riley,0,0,3500,MIN@ANH,ANH,MIN,,,,,
40144-117193,D,Justin,Justin Murray,Murray,0,0,3500,OTT@NYI,NYI,OTT,,,,,
40144-117192,D,Samuel,Samuel Bolduc,Bolduc,0,0,3500,OTT@NYI,NYI,OTT,,,,,
40144-8650,D,Roman,Roman Polak,Polak,3.200000047683716,1,3500,COL@DAL,DAL,COL,IR,Upper body,,,
40144-70118,W,Miles,Miles Wood,Wood,6.400000254313151,12,3500,NJ@WPG,NJ,WPG,,,,,
40144-80379,D,Sami,Sami Niku,Niku,6.400000095367432,1,3500,NJ@WPG,WPG,NJ,,,,,
40144-80398,D,Calle,Calle Rosen,Rosen,5.800000190734863,4,3500,COL@DAL,COL,DAL,,,,,
40144-23060,D,Tim,Tim Heed,Heed,2.1818181818181817,11,3500,CHI@SJ,SJ,CHI,,,,,
40144-8731,D,Karl,Karl Alzner,Alzner,4.088888804117839,9,3500,BOS@MON,MON,BOS,,,,,
40144-70170,D,Carl,Carl Dahlstrom,Dahlstrom,2.5600000381469727,10,3500,NJ@WPG,WPG,NJ,,,,,
40144-23069,D,Adam,Adam Clendening,Clendening,2.4000000953674316,4,3500,VGK@CBJ,CBJ,VGK,,,,,
40144-96800,D,Urho,Urho Vaakanainen,Vaakanainen,1.600000023841858,2,3500,BOS@MON,BOS,MON,,,,,
40144-8764,D,Carl,Carl Gunnarsson,Gunnarsson,6.900000095367432,8,3500,STL@VAN,STL,VAN,,,,,
40144-80444,D,Radim,Radim Simek,Simek,4.780487804878049,41,3500,CHI@SJ,SJ,CHI,,,,,
40144-70225,D,Gabriel,Gabriel Carlsson,Carlsson,1.600000023841858,1,3500,VGK@CBJ,CBJ,VGK,,,,,
40144-80480,D,Christian,Christian Jaros,Jaros,5.249180527984119,61,3500,OTT@NYI,OTT,NYI,,,,,
40144-41591,D,Jon,Jon Merrill,Merrill,4.8,15,3500,VGK@CBJ,VGK,CBJ,,,,,
40144-113273,D,Tobias,Tobias Bjornfot,Bjornfot,0,3,3500,LA@TOR,LA,TOR,,,,,
40144-8827,D,Andrew,Andrew MacDonald,MacDonald,6.2468086405003325,47,3500,ARI@CGY,CGY,ARI,,,,,
40144-8829,C,Nate,Nate Thompson,Thompson,6.771428789411273,14,3500,BOS@MON,MON,BOS,,,,,
40144-113288,D,Ville,Ville Heinola,Heinola,8.5625,8,3500,NJ@WPG,WPG,NJ,,,,,
40144-8847,D,Robert,Robert Bortuzzo,Bortuzzo,2.5142857687813893,7,3500,STL@VAN,STL,VAN,,,,,
40144-8850,D,Deryk,Deryk Engelland,Engelland,6.746666463216146,15,3500,VGK@CBJ,VGK,CBJ,,,,,
40144-8860,D,John,John Moore,Moore,6.529507996606045,61,3500,BOS@MON,BOS,MON,O,Shoulder,,,
40144-70325,D,Paul,Paul LaDue,LaDue,4.266666759144176,33,3500,LA@TOR,LA,TOR,,,,,
40144-62157,W,Andrew,Andrew Copp,Copp,4.320000203450521,15,3500,NJ@WPG,WPG,NJ,,,,,
40144-62158,D,Joakim,Joakim Ryan,Ryan,4.479999923706055,5,3500,LA@TOR,LA,TOR,,,,,
40144-23286,D,Ryan,Ryan Murray,Murray,9.2,10,3500,VGK@CBJ,CBJ,VGK,IR,Hand,,,
40144-8956,D,Michael,Michael Stone,Stone,7.800000190734863,4,3500,ARI@CGY,CGY,ARI,,,,,
40144-97024,D,Adam,Adam Boqvist,Boqvist,10,2,3500,CHI@SJ,CHI,SJ,,,,,
40144-8966,W,Trevor,Trevor Lewis,Lewis,5.428571428571429,14,3500,LA@TOR,LA,TOR,,,,,
40144-70416,D,Markus,Markus Nutivaara,Nutivaara,6.933333502875434,9,3500,VGK@CBJ,CBJ,VGK,,,,,
40144-9011,D,Andrej,Andrej Sekera,Sekera,5.292307927058293,13,3500,COL@DAL,DAL,COL,O,Undisclosed,,,
40144-70472,W,Drake,Drake Caggiula,Caggiula,5.599999861283735,11,3500,CHI@SJ,CHI,SJ,,,,,
40144-54110,D,Gustav,Gustav Olofsson,Olofsson,0,0,3500,BOS@MON,MON,BOS,,,,,
40144-97120,D,Cale,Cale Fleury,Fleury,3.9111111958821616,9,3500,BOS@MON,MON,BOS,,,,,
40144-66407,D,Philippe,Philippe Myers,Myers,3.200000047683716,2,3500,CAR@PHI,PHI,CAR,,,,,
40144-9066,D,Luca,Luca Sbisa,Sbisa,2.6666666666666665,3,3500,NJ@WPG,WPG,NJ,,,,,
40144-54126,D,Trevor,Trevor van Riemsdyk,van Riemsdyk,4.533333460489909,6,3500,CAR@PHI,CAR,PHI,,,,,
40144-11119,D,Nate,Nate Prosser,Prosser,2.453333282470703,15,3500,CAR@PHI,PHI,CAR,,,,,
40144-103298,D,Jimmy,Jimmy Schuldt,Schuldt,11.199999809265137,1,3500,VGK@CBJ,VGK,CBJ,,,,,
40144-82828,D,Christian,Christian Wolanin,Wolanin,7.356666564941406,30,3500,OTT@NYI,OTT,NYI,O,Shoulder,,,
40144-15247,C,Victor,Victor Rask,Rask,4.228571483067104,7,3500,MIN@ANH,MIN,ANH,,,,,
40144-97176,D,Rasmus,Rasmus Sandin,Sandin,4.799999872843425,6,3500,LA@TOR,TOR,LA,,,,,
40144-82851,W,Jordan,Jordan Greenway,Greenway,5.775000254313151,12,3500,MIN@ANH,MIN,ANH,,,,,
40144-70565,D,Jacob,Jacob Larsson,Larsson,3.626666768391927,15,3500,MIN@ANH,ANH,MIN,,,,,
40144-70582,D,Anton,Anton Lindholm,Lindholm,0.800000011920929,2,3500,COL@DAL,COL,DAL,,,,,
40144-97213,D,Ty,Ty Smith,Smith,0,0,3500,NJ@WPG,NJ,WPG,,,,,
40144-97214,D,Noah,Noah Dobson,Dobson,4.800000190734863,4,3500,OTT@NYI,NYI,OTT,,,,,
40144-15302,D,Nathan,Nathan Beaulieu,Beaulieu,5.660416920979817,48,3500,NJ@WPG,WPG,NJ,,,,,
40144-97230,D,Bode,Bode Wilde,Wilde,0,0,3500,OTT@NYI,NYI,OTT,,,,,
40144-15328,D,Brandon,Brandon Davidson,Davidson,4.320000076293946,10,3500,ARI@CGY,CGY,ARI,,,,,
40144-82912,W,Troy,Troy Terry,Terry,4.900000095367432,16,3500,MIN@ANH,ANH,MIN,,,,,
40144-62443,D,Jaycob,Jaycob Megna,Megna,4.714285714285714,28,3500,VGK@CBJ,VGK,CBJ,,,,,
40144-11245,D,Brian,Brian Strait,Strait,0,0,3500,NJ@WPG,NJ,WPG,,,,,
40144-82927,D,Daniel,Daniel Brickley,Brickley,4.400000095367432,4,3500,LA@TOR,LA,TOR,,,,,
40144-15349,D,Joe,Joe Morrow,Morrow,4.468292608493712,41,3500,NJ@WPG,NJ,WPG,,,,,
40144-11254,D,Ian,Ian Cole,Cole,8.8,10,3500,COL@DAL,COL,DAL,,,,,
40144-82953,D,Louie,Louie Belpedio,Belpedio,3.200000047683716,2,3500,MIN@ANH,MIN,ANH,,,,,
40144-15374,D,Scott,Scott Harrington,Harrington,7.199999809265137,4,3500,VGK@CBJ,CBJ,VGK,,,,,
40144-66581,D,Brendan,Brendan Guhle,Guhle,7.771428789411273,7,3500,MIN@ANH,ANH,MIN,,,,,
40144-103445,D,Vladislav,Vladislav Gavrikov,Gavrikov,4.8000001173753,13,3500,VGK@CBJ,CBJ,VGK,,,,,
40144-68630,D,Nick,Nick Seeler,Seeler,4.266666730244954,3,3500,MIN@ANH,MIN,ANH,,,,,
40144-11295,D,Steven,Steven Kampfer,Kampfer,4,2,3500,BOS@MON,BOS,MON,,,,,
40144-39972,D,Kurtis,Kurtis MacDermid,MacDermid,6.742857251848493,7,3500,LA@TOR,LA,TOR,,,,,
40144-66598,D,Jakub,Jakub Zboril,Zboril,0.800000011920929,2,3500,BOS@MON,BOS,MON,,,,,
40144-68649,D,Rob,Rob O'Gara,O'Gara,0,0,3500,STL@VAN,STL,VAN,,,,,
40144-15401,D,Kevan,Kevan Miller,Miller,5.98974374624399,39,3500,BOS@MON,BOS,MON,O,Kneecap,,,
40144-82989,D,Dennis,Dennis Gilbert,Gilbert,2.6666666666666665,3,3500,CHI@SJ,CHI,SJ,,,,,
40144-68655,D,Matt,Matt Grzelcyk,Grzelcyk,4.607142857142857,14,3500,BOS@MON,BOS,MON,,,,,
40144-66608,D,Jeremy,Jeremy Lauzon,Lauzon,3.3499999046325684,16,3500,BOS@MON,BOS,MON,,,,,
40144-66615,D,Kyle,Kyle Capobianco,Capobianco,4.666666666666667,6,3500,ARI@CGY,ARI,CGY,,,,,
40144-68663,D,Andy,Andy Welinski,Welinski,4.461538461538462,26,3500,CAR@PHI,PHI,CAR,,,,,
40144-68664,D,Andreas,Andreas Englund,Englund,2.133333365122477,3,3500,OTT@NYI,OTT,NYI,,,,,
40144-13406,D,Brenden,Brenden Dillon,Dillon,4.16000010172526,15,3500,CHI@SJ,SJ,CHI,,,,,
40144-66656,D,Mike,Mike Reilly,Reilly,6.133333206176758,6,3500,BOS@MON,MON,BOS,,,,,
40144-103524,W,Nikita,Nikita Gusev,Gusev,7.91111077202691,9,3500,NJ@WPG,NJ,WPG,,,,,
40144-66682,D,Travis,Travis Dermott,Dermott,0.800000011920929,2,3500,LA@TOR,TOR,LA,,,,,
40144-66689,D,Oliver,Oliver Kylington,Kylington,3.1999998826246996,13,3500,ARI@CGY,CGY,ARI,,,,,
40144-66705,D,Ian,Ian McCoshen,McCoshen,3.410526476408306,19,3500,CHI@SJ,CHI,SJ,,,,,
40144-21650,D,Xavier,Xavier Ouellet,Ouellet,6.484210365696957,19,3500,BOS@MON,MON,BOS,,,,,
40144-66710,D,Joel,Joel Hanley,Hanley,3.5200000762939454,5,3500,COL@DAL,DAL,COL,,,,,
40144-66712,D,Noah,Noah Juulsen,Juulsen,6.742857433500744,21,3500,BOS@MON,MON,BOS,,,,,
40144-21687,D,Greg,Greg Pateryn,Pateryn,5.1099998474121096,80,3500,MIN@ANH,MIN,ANH,IR,Groin,,,
40144-21688,D,Cameron,Cameron Schilling,Schilling,4.800000190734863,4,3500,NJ@WPG,WPG,NJ,,,,,
40144-66745,D,Josh,Josh Jacobs,Jacobs,3.200000047683716,1,3500,NJ@WPG,NJ,WPG,,,,,
40144-21690,D,Chris,Chris Wideman,Wideman,5.9720001220703125,25,3500,MIN@ANH,ANH,MIN,,,,,
40144-54475,D,Christian,Christian Folin,Folin,5.1200000762939455,5,3500,BOS@MON,MON,BOS,,,,,
40144-54482,D,Stephen,Stephen Johns,Johns,0,0,3500,COL@DAL,DAL,COL,IR,Head,,,
40144-21732,D,Anthony,Anthony Bitetto,Bitetto,4.8000001173753,13,3500,NJ@WPG,WPG,NJ,,,,,
40144-21735,D,Matt,Matt Tennyson,Tennyson,5.028571537562779,7,3500,NJ@WPG,NJ,WPG,,,,,
40144-66798,D,Guillaume,Guillaume Brisebois,Brisebois,2.4000000953674316,8,3500,STL@VAN,VAN,STL,,,,,
40144-70906,W,Alex,Alex Nylander,Nylander,9.375,12,3500,CHI@SJ,CHI,SJ,,,,,
40144-70913,W,Luke,Luke Kunin,Kunin,7.771428789411273,14,3500,MIN@ANH,MIN,ANH,,,,,
40144-60674,D,Gustav,Gustav Forsling,Forsling,5.488372093023256,43,3500,CAR@PHI,CAR,PHI,,,,,
40144-60686,W,Mattias,Mattias Janmark,Janmark,5.699999809265137,16,3500,COL@DAL,DAL,COL,,,,,
40144-13629,D,Taylor,Taylor Fedun,Fedun,6.523077157827524,13,3500,COL@DAL,DAL,COL,,,,,
40144-103753,D,Mikey,Mikey Anderson,Anderson,0,0,3500,LA@TOR,LA,TOR,,,,,
40144-62825,D,Jordan,Jordan Schmaltz,Schmaltz,3.4400001525878907,20,3500,LA@TOR,TOR,LA,,,,,
40144-62858,D,Dean,Dean Kukan,Kukan,4.533333460489909,6,3500,VGK@CBJ,CBJ,VGK,,,,,
40144-13743,D,Mark,Mark Borowiecki,Borowiecki,8.184615501990685,13,3500,OTT@NYI,OTT,NYI,,,,,
40144-103936,D,Mario,Mario Ferraro,Ferraro,3.3066665649414064,15,3500,CHI@SJ,SJ,CHI,,,,,
40144-58908,D,Nelson,Nelson Nogier,Nogier,3.200000047683716,1,3500,NJ@WPG,WPG,NJ,,,,,
40144-58974,D,Julius,Julius Honka,Honka,4.910344617120151,29,3500,COL@DAL,DAL,COL,O,Contract dispute,,,
40144-104173,D,Teemu,Teemu Kivihalme,Kivihalme,0,0,3500,LA@TOR,TOR,LA,,,,,
40144-104175,D,Otto,Otto Leskinen,Leskinen,0,0,3500,BOS@MON,MON,BOS,,,,,
40144-59135,D,Justin,Justin Holl,Holl,5.415384732759916,13,3500,LA@TOR,TOR,LA,,,,,
40144-59140,D,Kevin,Kevin Gravel,Gravel,2.6666666666666665,3,3500,LA@TOR,TOR,LA,,,,,
40144-59144,D,Roland,Roland McKeown,McKeown,0,0,3500,CAR@PHI,CAR,PHI,,,,,
40144-12094,D,Kevin,Kevin Connauton,Connauton,6.24,50,3500,COL@DAL,COL,DAL,,,,,
40144-59220,D,Haydn,Haydn Fleury,Fleury,6.480000305175781,10,3500,CAR@PHI,CAR,PHI,,,,,
40144-12120,D,Matt,Matt Bartkowski,Bartkowski,8.399999618530273,2,3500,MIN@ANH,MIN,ANH,,,,,
40144-12121,D,Cody,Cody Goloubef,Goloubef,2.5600000381469727,5,3500,OTT@NYI,OTT,NYI,,,,,
40144-42844,D,Connor,Connor Carrick,Carrick,6,4,3500,NJ@WPG,NJ,WPG,IR,Finger,,,
40144-42855,D,Ben,Ben Harpur,Harpur,4.596078311695772,51,3500,LA@TOR,TOR,LA,,,,,
40144-14184,D,Martin,Martin Marincin,Marincin,3.1999999455043246,7,3500,LA@TOR,TOR,LA,,,,,
40144-42863,D,Derrick,Derrick Pouliot,Pouliot,5.0790321596207155,62,3500,STL@VAN,STL,VAN,,,,,
40144-79822,D,Gavin,Gavin Bayreuther,Bayreuther,6.284210606625206,19,3500,COL@DAL,DAL,COL,,,,,
40144-42962,D,Brett,Brett Kulak,Kulak,4.800000190734863,8,3500,BOS@MON,MON,BOS,,,,,
40144-8167,D,Ron,Ron Hainsey,Hainsey,5.384615384615385,13,3500,OTT@NYI,OTT,NYI,,,,,
40144-12265,D,Mark,Mark Barberio,Barberio,5.199999809265137,4,3500,COL@DAL,COL,DAL,,,,,
40144-12266,D,Korbinian,Korbinian Holzer,Holzer,6.3076923076923075,13,3500,MIN@ANH,ANH,MIN,,,,,
40144-8178,W,Milan,Milan Lucic,Lucic,3.731250047683716,16,3500,ARI@CGY,CGY,ARI,O,Suspension,,,
40144-43000,D,Samuel,Samuel Morin,Morin,0,1,3500,CAR@PHI,PHI,CAR,,,,,
40144-79865,D,Matt,Matt Roy,Roy,6.4571429661342075,14,3500,LA@TOR,LA,TOR,,,,,
40144-79870,D,Jake,Jake Bischoff,Bischoff,5.599999904632568,4,3500,VGK@CBJ,VGK,CBJ,,,,,
40144-43176,W,Ryan,Ryan Hartman,Hartman,4.399999891008649,14,3400,MIN@ANH,MIN,ANH,,,,,
40144-8503,W,Blake,Blake Comeau,Comeau,1.600000023841858,2,3400,COL@DAL,DAL,COL,,,,,
40144-39234,W,Matt,Matt Nieto,Nieto,7.371428353445871,14,3400,COL@DAL,COL,DAL,,,,,
40144-39242,W,Tim,Tim Schaller,Schaller,7.114285605294364,14,3400,STL@VAN,VAN,STL,,,,,
40144-74076,W,Warren,Warren Foegele,Foegele,5.428571428571429,14,3400,CAR@PHI,CAR,PHI,,,,,
40144-74112,W,Trevor,Trevor Moore,Moore,7.333333333333333,15,3400,LA@TOR,TOR,LA,,,,,
40144-11150,W,Marcus,Marcus Foligno,Foligno,7.657142639160156,14,3400,MIN@ANH,MIN,ANH,,,,,
40144-11284,C,Cody,Cody Eakin,Eakin,4.654545523903587,11,3400,VGK@CBJ,VGK,CBJ,,,,,
40144-82973,W,Karson,Karson Kuhlman,Kuhlman,3.200000047683716,8,3400,BOS@MON,BOS,MON,IR,Leg,,,
40144-40039,W,Michael,Michael Raffl,Raffl,7.9384613037109375,13,3400,CAR@PHI,PHI,CAR,,,,,
40144-54867,W,Melker,Melker Karlsson,Karlsson,3.8933334350585938,15,3400,CHI@SJ,SJ,CHI,O,Upper body,,,
40144-13913,W,Tom,Tom Kuhnhackl,Kuhnhackl,3.4666665395100913,6,3400,OTT@NYI,NYI,OTT,IR,Lower body,,,
40144-43024,C,Frederik,Frederik Gauthier,Gauthier,4.266666666666667,15,3300,LA@TOR,TOR,LA,,,,,
40144-8357,W,Andrew,Andrew Cogliano,Cogliano,3.0999999046325684,16,3300,COL@DAL,DAL,COL,,,,,
40144-8384,W,Michael,Michael Frolik,Frolik,3.5294117647058822,17,3300,ARI@CGY,CGY,ARI,,,,,
40144-8464,W,Colin,Colin Wilson,Wilson,6.0444446139865455,9,3300,COL@DAL,COL,DAL,O,Lower body,,,
40144-74041,W,Zach,Zach Sanford,Sanford,5.040000152587891,10,3300,STL@VAN,STL,VAN,,,,,
40144-39252,W,Brock,Brock McGinn,McGinn,5.4571429661342075,14,3300,CAR@PHI,CAR,PHI,,,,,
40144-62032,W,Vinnie,Vinnie Hinostroza,Hinostroza,3.6571429116385326,14,3300,ARI@CGY,ARI,CGY,,,,,
40144-9033,C,Casey,Casey Cizikas,Cizikas,4.400000095367432,8,3300,OTT@NYI,NYI,OTT,,,,,
40144-82812,W,Ryan,Ryan Donato,Donato,3.3333333333333335,12,3300,MIN@ANH,MIN,ANH,,,,,
40144-11148,W,Paul,Paul Byron,Byron,3.6571429116385326,14,3300,BOS@MON,MON,BOS,,,,,
40144-70552,W,Marcus,Marcus Sorensen,Sorensen,4.666666666666667,12,3300,CHI@SJ,SJ,CHI,,,,,
40144-82909,W,Dylan,Dylan Gambrell,Gambrell,4.908333460489909,12,3300,CHI@SJ,SJ,CHI,DTD,Hand,,,
40144-68648,C,Sean,Sean Kuraly,Kuraly,5.028571537562779,14,3300,BOS@MON,BOS,MON,,,,,
40144-9305,W,Mathieu,Mathieu Perreault,Perreault,6.8600001017252605,15,3300,NJ@WPG,WPG,NJ,,,,,
40144-70909,C,Logan,Logan Brown,Brown,6.125,4,3300,OTT@NYI,OTT,NYI,O,Upper body,,,
40144-13657,C,Derek,Derek Grant,Grant,6.400000095367432,16,3300,MIN@ANH,ANH,MIN,,,,,
40144-21895,W,Chris,Chris Wagner,Wagner,5.969230651855469,13,3300,BOS@MON,BOS,MON,,,,,
40144-62920,C,Lucas,Lucas Wallmark,Wallmark,4.971428462437221,14,3300,CAR@PHI,CAR,PHI,,,,,
40144-54822,W,Jason,Jason Dickinson,Dickinson,2.933333396911621,12,3300,COL@DAL,DAL,COL,,,,,
40144-58977,W,Sonny,Sonny Milano,Milano,7,12,3300,VGK@CBJ,CBJ,VGK,,,,,
40144-59261,W,Nick,Nick Paul,Paul,9.462499618530273,8,3300,OTT@NYI,OTT,NYI,,,,,
40144-12438,W,Riley,Riley Nash,Nash,5.571428571428571,14,3200,VGK@CBJ,CBJ,VGK,,,,,
40144-14486,W,Garrett,Garrett Wilson,Wilson,3.68,50,3200,LA@TOR,TOR,LA,,,,,
40144-43196,W,Alan,Alan Quine,Quine,4.399999936421712,6,3200,ARI@CGY,CGY,ARI,,,,,
40144-82123,W,Gerald,Gerald Mayhew,Mayhew,6.666666666666667,6,3200,MIN@ANH,MIN,ANH,,,,,
40144-8397,C,Brad,Brad Richardson,Richardson,3.9111111958821616,9,3200,ARI@CGY,ARI,CGY,IR,Upper body,,,
40144-73998,W,Vitaly,Vitaly Abramov,Abramov,8.399999618530273,2,3200,OTT@NYI,OTT,NYI,,,,,
40144-82190,W,Drake,Drake Batherson,Batherson,1.600000023841858,2,3200,OTT@NYI,OTT,NYI,,,,,
40144-12625,W,Jordan,Jordan Weal,Weal,7.409999847412109,10,3200,BOS@MON,MON,BOS,,,,,
40144-8534,C,Jason,Jason Spezza,Spezza,7.377777947319879,9,3200,LA@TOR,TOR,LA,,,,,
40144-84348,W,Par,Par Lindholm,Lindholm,4.228571483067104,7,3200,BOS@MON,BOS,MON,IR,Upper body,,,
40144-12682,W,Brandon,Brandon Pirri,Pirri,4.088888804117839,9,3200,VGK@CBJ,VGK,CBJ,,,,,
40144-80391,W,Mario,Mario Kempe,Kempe,4.369230710543119,52,3200,LA@TOR,LA,TOR,,,,,
40144-8746,W,Matt,Matt Calvert,Calvert,8.314285823277064,14,3200,COL@DAL,COL,DAL,,,,,
40144-113269,C,Kirby,Kirby Dach,Dach,5.762499809265137,8,3200,CHI@SJ,CHI,SJ,,,,,
40144-9006,W,Tyler,Tyler Ennis,Ennis,8.13846177321214,13,3200,OTT@NYI,OTT,NYI,,,,,
40144-62276,W,Austin,Austin Czarnik,Czarnik,6.262499809265137,8,3200,ARI@CGY,CGY,ARI,IR,Lower body,,,
40144-97108,W,Barrett,Barrett Hayton,Hayton,7.428571428571429,7,3200,ARI@CGY,ARI,CGY,,,,,
40144-103276,C,Blake,Blake Lizotte,Lizotte,4.571428571428571,14,3200,LA@TOR,LA,TOR,,,,,
40144-82834,W,Kiefer,Kiefer Sherwood,Sherwood,4.927999877929688,50,3200,MIN@ANH,ANH,MIN,,,,,
40144-15307,W,Nick,Nick Cousins,Cousins,9.399999618530273,8,3200,BOS@MON,MON,BOS,,,,,
40144-15346,C,Adam,Adam Lowry,Lowry,2.8307691720815806,13,3200,NJ@WPG,WPG,NJ,,,,,
40144-15395,W,Brett,Brett Ritchie,Ritchie,5.375,12,3200,BOS@MON,BOS,MON,,,,,
40144-66611,W,Lawson,Lawson Crouse,Crouse,5.661538344163161,13,3200,ARI@CGY,ARI,CGY,,,,,
40144-68667,W,Tyler,Tyler Motte,Motte,4.266666730244954,6,3200,STL@VAN,VAN,STL,IR,Lower body,,,
40144-66719,W,Dmytro,Dmytro Timashov,Timashov,5.133333206176758,12,3200,LA@TOR,TOR,LA,,,,,
40144-66757,W,Filip,Filip Chlapik,Chlapik,2.799999952316284,4,3200,OTT@NYI,OTT,NYI,,,,,
40144-62723,W,Ondrej,Ondrej Kase,Kase,7.781818043101918,11,3200,MIN@ANH,ANH,MIN,,,,,
40144-58880,W,Ivan,Ivan Barbashev,Barbashev,4.373333231608073,15,3200,STL@VAN,STL,VAN,,,,,
40144-58883,W,Robby,Robby Fabbri,Fabbri,2.7555554707845054,9,3200,STL@VAN,STL,VAN,,,,,
40144-58890,W,Nikolay,Nikolay Goldobin,Goldobin,7.176190573071676,63,3200,STL@VAN,VAN,STL,,,,,
40144-59251,W,Michael,Michael Dal Colle,Dal Colle,3.5333334604899087,12,3200,OTT@NYI,NYI,OTT,,,,,
40144-42977,W,Nic,Nic Petan,Petan,3.5999999046325684,4,3200,LA@TOR,TOR,LA,,,,,
40144-61550,C,Cole,Cole Bardreau,Bardreau,2.933333396911621,6,3100,OTT@NYI,NYI,OTT,,,,,
40144-73969,W,Rudolfs,Rudolfs Balcers,Balcers,6.922222137451172,36,3100,OTT@NYI,OTT,NYI,IR,Lower body,,,
40144-82191,W,Alex,Alex Formenton,Formenton,5.422222137451172,9,3100,OTT@NYI,OTT,NYI,,,,,
40144-41392,W,Valeri,Valeri Nichushkin,Nichushkin,3.5200000762939454,10,3100,COL@DAL,COL,DAL,,,,,
40144-84473,C,Antti,Antti Suomela,Suomela,5.955555668583623,27,3100,CHI@SJ,SJ,CHI,,,,,
40144-96780,W,Joel,Joel L'Esperance,L'Esperance,5.599999745686849,3,3100,COL@DAL,DAL,COL,,,,,
40144-80481,W,Anders,Anders Bjork,Bjork,5.466666539510091,6,3100,BOS@MON,BOS,MON,,,,,
40144-8810,W,Michael,Michael Grabner,Grabner,6.085714067731585,14,3100,ARI@CGY,ARI,CGY,,,,,
40144-8932,W,Zack,Zack Smith,Smith,1.3714286259242467,7,3100,CHI@SJ,CHI,SJ,,,,,
40144-9014,C,Jay,Jay Beagle,Beagle,5.371428353445871,14,3100,STL@VAN,VAN,STL,,,,,
40144-103240,W,Ryan,Ryan Poehling,Poehling,40.79999923706055,1,3100,BOS@MON,MON,BOS,,,,,
40144-82849,W,Adam,Adam Gaudette,Gaudette,8.580000305175782,5,3100,STL@VAN,VAN,STL,,,,,
40144-97206,W,Kristian,Kristian Vesalainen,Vesalainen,2.2399999618530275,5,3100,NJ@WPG,WPG,NJ,,,,,
40144-82949,W,Lukas,Lukas Radil,Radil,1.7777777777777777,9,3100,CHI@SJ,SJ,CHI,,,,,
40144-68644,C,Mark,Mark Jankowski,Jankowski,1.9428571973528181,14,3100,ARI@CGY,CGY,ARI,,,,,
40144-66620,W,Christian,Christian Fischer,Fischer,4.061538402850811,13,3100,ARI@CGY,ARI,CGY,,,,,
40144-70922,W,Max,Max Jones,Jones,3.4666665395100913,12,3100,MIN@ANH,ANH,MIN,,,,,
40144-54577,W,Pontus,Pontus Aberg,Aberg,7.300000206898835,59,3100,LA@TOR,TOR,LA,,,,,
40144-42786,W,Justin,Justin Dowling,Dowling,2.7636363289572974,11,3100,COL@DAL,DAL,COL,,,,,
40144-61245,W,Devin,Devin Shore,Shore,4.159999847412109,10,3100,MIN@ANH,ANH,MIN,,,,,
40144-42918,W,Scott,Scott Sabourin,Sabourin,3.8545455932617188,11,3100,OTT@NYI,OTT,NYI,IR,Head,,,
40144-43008,W,Jordan,Jordan Martinook,Martinook,4,4,3000,CAR@PHI,CAR,PHI,IR,Abdomen,,,
40144-104448,W,Emil,Emil Bemstrom,Bemstrom,3.807142802647182,14,3000,VGK@CBJ,CBJ,VGK,,,,,
40144-79879,W,Justin,Justin Kloos,Kloos,3.200000047683716,1,3000,MIN@ANH,ANH,MIN,,,,,
40144-8203,W,Drew,Drew Stafford,Stafford,4.887719405324836,57,3000,MIN@ANH,MIN,ANH,,,,,
40144-79910,W,Nick,Nick Caamano,Caamano,4.099999904632568,8,3000,COL@DAL,DAL,COL,,,,,
40144-81974,C,Morgan,Morgan Frost,Frost,0,0,3000,CAR@PHI,PHI,CAR,,,,,
40144-81981,W,Klim,Klim Kostin,Kostin,0,0,3000,STL@VAN,STL,VAN,,,,,
40144-8259,W,Andrew,Andrew Ladd,Ladd,6.507692190317007,26,3000,OTT@NYI,NYI,OTT,O,Knee,,,
40144-8260,W,Kris,Kris Versteeg,Versteeg,0,0,3000,CHI@SJ,CHI,SJ,,,,,
40144-8263,W,Marian,Marian Hossa,Hossa,0,0,3000,ARI@CGY,ARI,CGY,O,Illness,,,
40144-43089,W,Ross,Ross Johnston,Johnston,3.3333333333333335,6,3000,OTT@NYI,NYI,OTT,,,,,
40144-79963,W,Mikhail,Mikhail Vorobyev,Vorobyev,3.2,5,3000,CAR@PHI,PHI,CAR,,,,,
40144-8284,W,Chris,Chris Stewart,Stewart,1.7999999523162842,8,3000,CAR@PHI,PHI,CAR,,,,,
40144-79965,W,Carl,Carl Grundstrom,Grundstrom,8,3,3000,LA@TOR,LA,TOR,,,,,
40144-82026,C,Jaret,Jaret Anderson-Dolan,Anderson-Dolan,4.159999847412109,5,3000,LA@TOR,LA,TOR,,,,,
40144-43132,W,Martin,Martin Frk,Frk,3.4566665649414063,30,3000,LA@TOR,LA,TOR,,,,,
40144-8322,W,Loui,Loui Eriksson,Eriksson,1.9200000762939453,5,3000,STL@VAN,VAN,STL,,,,,
40144-14480,W,Nicolas,Nicolas Deslauriers,Deslauriers,2.7428572518484935,7,3000,MIN@ANH,ANH,MIN,,,,,
40144-14484,W,Jordan,Jordan Szwarz,Szwarz,1.6000000635782878,3,3000,OTT@NYI,OTT,NYI,,,,,
40144-116891,W,Diego,Diego Cuglietta,Cuglietta,0,0,3000,COL@DAL,DAL,COL,,,,,
40144-116893,W,Parker,Parker MacKay,MacKay,0,0,3000,COL@DAL,DAL,COL,,,,,
40144-116895,W,Brad,Brad McClure,McClure,0,0,3000,COL@DAL,DAL,COL,,,,,
40144-73886,W,Alexandre,Alexandre Fortin,Fortin,4.983333269755046,24,3000,CHI@SJ,CHI,SJ,,,,,
40144-116896,C,Anthony,Anthony Nellis,Nellis,0,0,3000,COL@DAL,DAL,COL,,,,,
40144-116907,W,Jakob,Jakob Lilja,Lilja,4.6400001525878904,10,3000,VGK@CBJ,CBJ,VGK,,,,,
40144-43188,W,Kurtis,Kurtis Gabriel,Gabriel,2.909090909090909,22,3000,CAR@PHI,PHI,CAR,,,,,
40144-39105,W,Kenny,Kenny Agostino,Agostino,5.830158536396329,63,3000,LA@TOR,TOR,LA,,,,,
40144-73930,C,Connor,Connor Bunnaman,Bunnaman,2,4,3000,CAR@PHI,PHI,CAR,,,,,
40144-82122,C,Mason,Mason Shaw,Shaw,0,0,3000,MIN@ANH,MIN,ANH,O,Knee,,,
40144-73935,W,Carsen,Carsen Twarynski,Twarynski,3.299999952316284,8,3000,CAR@PHI,PHI,CAR,,,,,
40144-116949,C,David,David Gustafsson,Gustafsson,1,8,3000,NJ@WPG,WPG,NJ,,,,,
40144-73940,W,Jordan,Jordan Kyrou,Kyrou,3.6500000953674316,16,3000,STL@VAN,STL,VAN,,,,,
40144-116950,W,Joona,Joona Luoto,Luoto,0,0,3000,NJ@WPG,WPG,NJ,,,,,
40144-104675,W,Lean,Lean Bergmann,Bergmann,4.266666730244954,6,3000,CHI@SJ,SJ,CHI,,,,,
40144-8425,W,Cal,Cal Clutterbuck,Clutterbuck,4.923076923076923,13,3000,OTT@NYI,NYI,OTT,,,,,
40144-39146,W,Tobias,Tobias Rieder,Rieder,4,11,3000,ARI@CGY,CGY,ARI,,,,,
40144-73963,W,A.J.,A.J. Greer,Greer,2.826666768391927,15,3000,COL@DAL,COL,DAL,,,,,
40144-82155,W,Mason,Mason Appleton,Appleton,2.3111110263400607,9,3000,NJ@WPG,WPG,NJ,IR,Foot,,,
40144-73972,W,Noah,Noah Gregor,Gregor,1.0666666825612385,6,3000,CHI@SJ,SJ,CHI,,,,,
40144-82167,C,Sheldon,Sheldon Dries,Dries,4.1099998474121096,40,3000,COL@DAL,COL,DAL,,,,,
40144-82170,W,Jason,Jason Robertson,Robertson,0,0,3000,COL@DAL,DAL,COL,,,,,
40144-82176,C,Jack,Jack Studnicka,Studnicka,0,0,3000,BOS@MON,BOS,MON,,,,,
40144-73990,W,Zack,Zack MacEwen,MacEwen,3.200000047683716,4,3000,STL@VAN,VAN,STL,,,,,
40144-117012,C,Tyler,Tyler Sheehy,Sheehy,0,0,3000,MIN@ANH,MIN,ANH,,,,,
40144-53527,W,Marko,Marko Dano,Dano,1.2000000476837158,8,3000,VGK@CBJ,CBJ,VGK,,,,,
40144-117049,C,Mason,Mason Primeau,Primeau,0,0,3000,VGK@CBJ,VGK,CBJ,,,,,
40144-117053,W,Robert,Robert Lantosi,Lantosi,0,0,3000,BOS@MON,BOS,MON,,,,,
40144-117052,C,Dylan,Dylan McLaughlin,McLaughlin,0,0,3000,CHI@SJ,CHI,SJ,,,,,
40144-117059,W,Jeremy,Jeremy McKenna,McKenna,0,0,3000,ARI@CGY,CGY,ARI,,,,,
40144-8515,W,Brandon,Brandon Dubinsky,Dubinsky,4.649180427926486,61,3000,VGK@CBJ,CBJ,VGK,IR,Wrist,,,
40144-117060,W,Mason,Mason Morelli,Morelli,0,0,3000,ARI@CGY,CGY,ARI,,,,,
40144-8520,W,Ryan,Ryan Callahan,Callahan,6.309615501990685,52,3000,OTT@NYI,OTT,NYI,O,Back,,,
40144-117068,W,Luka,Luka Burzan,Burzan,0,0,3000,COL@DAL,COL,DAL,,,,,
40144-117071,W,Sasha,Sasha Mutala,Mutala,0,0,3000,COL@DAL,COL,DAL,,,,,
40144-117070,W,Alex,Alex Beaucage,Beaucage,0,0,3000,COL@DAL,COL,DAL,,,,,
40144-74067,C,Kevin,Kevin Rooney,Rooney,3.3777777353922525,9,3000,NJ@WPG,NJ,WPG,,,,,
40144-117075,W,Keeghan,Keeghan Howdeshell,Howdeshell,0,0,3000,ARI@CGY,ARI,CGY,,,,,
40144-12630,C,Michael,Michael Chaput,Chaput,3.6500000953674316,32,3000,ARI@CGY,ARI,CGY,,,,,
40144-74071,W,Nathan,Nathan Bastian,Bastian,8.342857360839844,7,3000,NJ@WPG,NJ,WPG,,,,,
40144-74070,W,Brandon,Brandon Gignac,Gignac,3.200000047683716,1,3000,NJ@WPG,NJ,WPG,,,,,
40144-117078,C,Derek,Derek Barach,Barach,0,0,3000,VGK@CBJ,CBJ,VGK,,,,,
40144-117091,W,Mason,Mason Bergh,Bergh,0,0,3000,LA@TOR,LA,TOR,,,,,
40144-12645,W,Devante,Devante Smith-Pelly,Smith-Pelly,4.325926038953993,54,3000,ARI@CGY,CGY,ARI,,,,,
40144-74086,W,Dillon,Dillon Dube,Dube,3.36,25,3000,ARI@CGY,CGY,ARI,,,,,
40144-117098,W,Joe,Joe Cox,Cox,0,0,3000,BOS@MON,MON,BOS,,,,,
40144-74099,W,Matt,Matt Luff,Luff,6.7545452695904356,33,3000,LA@TOR,LA,TOR,,,,,
40144-117106,C,Ludvig,Ludvig Larsson,Larsson,0,0,3000,NJ@WPG,NJ,WPG,,,,,
40144-74100,C,Tanner,Tanner Fritz,Fritz,3.4000000953674316,8,3000,OTT@NYI,NYI,OTT,,,,,
40144-12670,W,Sam,Sam Carrick,Carrick,3.2000001271565757,6,3000,MIN@ANH,ANH,MIN,,,,,
40144-8575,C,Martin,Martin Hanzal,Hanzal,7.0428570338657925,7,3000,COL@DAL,DAL,COL,IR,Back,,,
40144-117118,C,Cole,Cole Maier,Maier,0,0,3000,NJ@WPG,WPG,NJ,,,,,
40144-8579,W,Scottie,Scottie Upshall,Upshall,0,0,3000,COL@DAL,DAL,COL,,,,,
40144-117125,W,Artem,Artem Ivanyuzhenkov,Ivanyuzhenkov,0,0,3000,CHI@SJ,SJ,CHI,,,,,
40144-117124,W,Dillon,Dillon Hamaliuk,Hamaliuk,0,0,3000,CHI@SJ,SJ,CHI,,,,,
40144-117127,C,Tristin,Tristin Langan,Langan,0,0,3000,CHI@SJ,SJ,CHI,,,,,
40144-8584,W,Mikkel,Mikkel Boedker,Boedker,4,4,3000,OTT@NYI,OTT,NYI,,,,,
40144-84361,W,Saku,Saku Maenalanen,Maenalanen,4.517647238338695,34,3000,CAR@PHI,CAR,PHI,,,,,
40144-39311,C,Nicholas,Nicholas Shore,Shore,2.3333333333333335,12,3000,LA@TOR,TOR,LA,,,,,
40144-117141,C,Colt,Colt Conrad,Conrad,0,0,3000,LA@TOR,TOR,LA,,,,,
40144-74134,W,Peter,Peter Cehlarik,Cehlarik,1.600000023841858,2,3000,BOS@MON,BOS,MON,,,,,
40144-49563,C,Tyler,Tyler Gaudet,Gaudet,0,0,3000,LA@TOR,TOR,LA,,,,,
40144-8620,W,Jamie,Jamie McGinn,McGinn,6.005263077585321,19,3000,CAR@PHI,CAR,PHI,,,,,
40144-12718,W,Tyler,Tyler Pitlick,Pitlick,2.3111110263400607,9,3000,CAR@PHI,PHI,CAR,,,,,
40144-117181,W,Johno,Johno May,May,0,0,3000,MIN@ANH,ANH,MIN,,,,,
40144-117180,C,Brent,Brent Gates,Gates,0,0,3000,MIN@ANH,ANH,MIN,,,,,
40144-117182,W,Brayden,Brayden Tracey,Tracey,0,0,3000,MIN@ANH,ANH,MIN,,,,,
40144-8643,W,David,David Backes,Backes,4,8,3000,BOS@MON,BOS,MON,O,Upper body,,,
40144-117189,W,Erik,Erik Brown,Brown,0,0,3000,OTT@NYI,NYI,OTT,,,,,
40144-117188,C,Felix,Felix Bibeau,Bibeau,0,0,3000,OTT@NYI,NYI,OTT,,,,,
40144-117191,C,Reece,Reece Newkirk,Newkirk,0,0,3000,OTT@NYI,NYI,OTT,,,,,
40144-117190,C,Brett,Brett Neumann,Neumann,0,0,3000,OTT@NYI,NYI,OTT,,,,,
40144-39395,W,Logan,Logan Shaw,Shaw,1.600000023841858,2,3000,NJ@WPG,WPG,NJ,,,,,
40144-8702,C,Ryan,Ryan Kesler,Kesler,5.211666870117187,60,3000,MIN@ANH,ANH,MIN,O,Hip,,,
40144-23051,W,Joakim,Joakim Nordstrom,Nordstrom,5.920000076293945,5,3000,BOS@MON,BOS,MON,IR,Infection,,,
40144-10797,C,Mark,Mark Letestu,Letestu,2.2857142857142856,7,3000,NJ@WPG,WPG,NJ,IR,Illness,,,
40144-12880,W,Darren,Darren Archibald,Archibald,3.5333334604899087,12,3000,LA@TOR,TOR,LA,,,,,
40144-102994,W,Max,Max Veronneau,Veronneau,6.041666666666667,12,3000,OTT@NYI,OTT,NYI,,,,,
40144-113275,W,Simon,Simon Holmstrom,Holmstrom,0,0,3000,OTT@NYI,NYI,OTT,,,,,
40144-8868,W,Erik,Erik Condra,Condra,4.933333396911621,6,3000,COL@DAL,COL,DAL,,,,,
40144-70327,C,Luke,Luke Johnson,Johnson,3.553333282470703,15,3000,MIN@ANH,MIN,ANH,,,,,
40144-103095,W,Rhett,Rhett Gardner,Gardner,2.057142802647182,7,3000,COL@DAL,DAL,COL,,,,,
40144-8887,W,Ryan,Ryan Reaves,Reaves,4.16000010172526,15,3000,VGK@CBJ,VGK,CBJ,,,,,
40144-39677,W,Brendan,Brendan Gaunce,Gaunce,10.40000025431315,3,3000,BOS@MON,BOS,MON,,,,,
40144-39714,W,Charles,Charles Hudon,Hudon,4.590624809265137,32,3000,BOS@MON,MON,BOS,,,,,
40144-103211,W,Robert,Robert Carpenter,Carpenter,0,0,3000,OTT@NYI,NYI,OTT,O,Shoulder,,,
40144-62254,W,Kyle,Kyle Rau,Rau,3.4666665395100913,6,3000,MIN@ANH,MIN,ANH,,,,,
40144-82757,W,Erik,Erik Foley,Foley,0,0,3000,STL@VAN,STL,VAN,O,Concussion,,,
40144-97096,C,Isac,Isac Lundestrom,Lundestrom,2.133333365122477,3,3000,MIN@ANH,ANH,MIN,,,,,
40144-62293,C,Matthew,Matthew Peca,Peca,4.707692464192708,39,3000,BOS@MON,MON,BOS,,,,,
40144-62295,W,Jonny,Jonny Brodzinski,Brodzinski,5.333333333333333,3,3000,CHI@SJ,SJ,CHI,,,,,
40144-97118,W,Joel,Joel Teasdale,Teasdale,0,0,3000,BOS@MON,MON,BOS,,,,,
40144-103262,C,Nico,Nico Sturm,Sturm,7.199999809265137,2,3000,MIN@ANH,MIN,ANH,,,,,
40144-66404,C,Vladislav,Vladislav Kamenev,Kamenev,2.6666666666666665,3,3000,COL@DAL,COL,DAL,,,,,
40144-62310,C,Tanner,Tanner Kero,Kero,0,0,3000,COL@DAL,DAL,COL,,,,,
40144-82808,W,Brett,Brett Seney,Seney,4.4490194881663605,51,3000,NJ@WPG,NJ,WPG,,,,,
40144-9085,C,Cal,Cal O'Reilly,O'Reilly,0,0,3000,CAR@PHI,PHI,CAR,,,,,
40144-82842,W,Dylan,Dylan Sikura,Sikura,4.945454452977036,33,3000,CHI@SJ,CHI,SJ,,,,,
40144-82852,W,Eric,Eric Robinson,Robinson,2.3384615091177134,13,3000,VGK@CBJ,CBJ,VGK,,,,,
40144-15270,W,Sven,Sven Baertschi,Baertschi,9.273077157827524,26,3000,STL@VAN,VAN,STL,,,,,
40144-54200,W,Ryan,Ryan Carpenter,Carpenter,4.83076917208158,13,3000,CHI@SJ,CHI,SJ,,,,,
40144-97224,W,Oliver,Oliver Wahlstrom,Wahlstrom,2.5142857687813893,7,3000,OTT@NYI,NYI,OTT,,,,,
40144-97233,W,Jesper,Jesper Boqvist,Boqvist,2.133333365122477,3,3000,NJ@WPG,NJ,WPG,,,,,
40144-11225,W,Dale,Dale Weise,Weise,4.635293997970282,51,3000,BOS@MON,MON,BOS,,,,,
40144-11237,W,Zac,Zac Rinaldo,Rinaldo,2.53913050112517,23,3000,ARI@CGY,CGY,ARI,,,,,
40144-15333,W,Antoine,Antoine Roussel,Roussel,7.667692213792067,65,3000,STL@VAN,VAN,STL,O,Knee,,,
40144-62442,W,Markus,Markus Hannikainen,Hannikainen,3.8181818181818183,44,3000,VGK@CBJ,CBJ,VGK,,,,,
40144-9196,W,Matt,Matt Martin,Martin,6.171428680419922,7,3000,OTT@NYI,NYI,OTT,IR,Lower body,,,
40144-37884,C,Ben,Ben Street,Street,4.60952395484561,21,3000,NJ@WPG,NJ,WPG,,,,,
40144-68609,W,Nick,Nick Lappin,Lappin,2.0363636016845703,11,3000,STL@VAN,STL,VAN,,,,,
40144-37894,W,Jayson,Jayson Megna,Megna,1.6000000635782878,3,3000,COL@DAL,COL,DAL,,,,,
40144-21521,W,Phil,Phil Varone,Varone,3.2510638947182513,47,3000,BOS@MON,MON,BOS,,,,,
40144-68645,W,MacKenzie,MacKenzie MacEachern,MacEachern,5.099999904632568,8,3000,STL@VAN,STL,VAN,,,,,
40144-68651,W,Kalle,Kalle Kossila,Kossila,4.300000190734863,8,3000,LA@TOR,TOR,LA,,,,,
40144-66605,W,Zach,Zach Senyshyn,Senyshyn,9.199999809265137,2,3000,BOS@MON,BOS,MON,,,,,
40144-82993,W,Joey,Joey Anderson,Anderson,5,34,3000,NJ@WPG,NJ,WPG,,,,,
40144-66617,W,Michael,Michael Bunting,Bunting,4.320000076293946,5,3000,ARI@CGY,ARI,CGY,,,,,
40144-66642,W,Austin,Austin Wagner,Wagner,6.254545731977983,11,3000,LA@TOR,LA,TOR,,,,,
40144-9325,W,Patrick,Patrick Eaves,Eaves,1.5999999727521623,7,3000,MIN@ANH,ANH,MIN,O,Undisclosed,,,
40144-66675,W,Daniel,Daniel Sprong,Sprong,7.379364982483879,63,3000,MIN@ANH,ANH,MIN,,,,,
40144-66678,C,Nicolas,Nicolas Roy,Roy,16.799999237060547,1,3000,VGK@CBJ,VGK,CBJ,,,,,
40144-11401,W,Gabriel,Gabriel Bourque,Bourque,4.426666768391927,15,3000,NJ@WPG,WPG,NJ,,,,,
40144-66734,C,J.C.,J.C. Beaudin,Beaudin,1.6,5,3000,OTT@NYI,OTT,NYI,,,,,
40144-103624,W,Brandon,Brandon Duhaime,Duhaime,0,0,3000,MIN@ANH,MIN,ANH,,,,,
40144-21710,W,J.T.,J.T. Brown,Brown,3.414285659790039,56,3000,MIN@ANH,MIN,ANH,,,,,
40144-54518,W,Patrick,Patrick Brown,Brown,0,0,3000,VGK@CBJ,VGK,CBJ,,,,,
40144-70910,C,Michael,Michael McLeod,McLeod,3.0476190476190474,21,3000,NJ@WPG,NJ,WPG,,,,,
40144-70920,C,German,German Rubtsov,Rubtsov,2.4000000953674316,2,3000,CAR@PHI,PHI,CAR,,,,,
40144-70927,C,Trent,Trent Frederic,Frederic,2.346666717529297,15,3000,BOS@MON,BOS,MON,,,,,
40144-62817,W,Blake,Blake Pietila,Pietila,2.9473684210526314,19,3000,MIN@ANH,ANH,MIN,,,,,
40144-103805,W,Danil,Danil Yurtaykin,Yurtaykin,1.600000023841858,4,3000,CHI@SJ,SJ,CHI,,,,,
40144-107990,W,Joel,Joel Kiviranta,Kiviranta,0,0,3000,COL@DAL,DAL,COL,,,,,
40144-107995,W,Andrei,Andrei Chibisov,Chibisov,0,0,3000,NJ@WPG,WPG,NJ,,,,,
40144-107994,C,Eetu,Eetu Luostarinen,Luostarinen,0,0,3000,CAR@PHI,CAR,PHI,,,,,
40144-58906,W,Chase,Chase De Leo,De Leo,6.400000095367432,1,3000,MIN@ANH,ANH,MIN,,,,,
40144-54816,W,Max,Max McCormick,McCormick,2.914285659790039,14,3000,CAR@PHI,CAR,PHI,,,,,
40144-13932,W,Matt,Matt Read,Read,3.7999998728434243,12,3000,LA@TOR,TOR,LA,,,,,
40144-104139,C,Mikael,Mikael Hakkarainen,Hakkarainen,0,0,3000,CHI@SJ,CHI,SJ,,,,,
40144-104141,C,Tim,Tim Soderlund,Soderlund,0,0,3000,CHI@SJ,CHI,SJ,,,,,
40144-42795,W,Michael,Michael McCarron,McCarron,0,0,3000,BOS@MON,MON,BOS,,,,,
40144-116547,W,Tristan,Tristan Scherwey,Scherwey,0,0,3000,OTT@NYI,OTT,NYI,,,,,
40144-14158,W,Brian,Brian Gibbons,Gibbons,2.6666666666666665,6,3000,CAR@PHI,CAR,PHI,,,,,
40144-59222,W,Clark,Clark Bishop,Bishop,3.0799999237060547,20,3000,CAR@PHI,CAR,PHI,,,,,
40144-42841,W,Nathan,Nathan Walker,Walker,3.7333332697550454,3,3000,STL@VAN,STL,VAN,,,,,
40144-12122,W,Gabriel,Gabriel Dumont,Dumont,2.6666666666666665,3,3000,MIN@ANH,MIN,ANH,,,,,
40144-108386,C,Samuel,Samuel Asselin,Asselin,0,0,3000,BOS@MON,BOS,MON,,,,,
40144-59246,W,John,John Quenneville,Quenneville,2.568421012476871,19,3000,CHI@SJ,CHI,SJ,,,,,
40144-59253,W,Joshua,Joshua Ho-Sang,Ho-Sang,4.079999923706055,10,3000,OTT@NYI,NYI,OTT,,,,,
40144-59263,W,Nicolas,Nicolas Aube-Kubel,Aube-Kubel,0.3555555608537462,9,3000,CAR@PHI,PHI,CAR,,,,,
40144-42915,W,Valentin,Valentin Zykov,Zykov,4.571428571428571,7,3000,VGK@CBJ,VGK,CBJ,O,Suspension,,,
40144-79790,W,Matthew,Matthew Highmore,Highmore,0,0,3000,CHI@SJ,CHI,SJ,,,,,
40144-79812,W,John,John Hayden,Hayden,1.8285714558192663,7,3000,NJ@WPG,NJ,WPG,,,,,
40144-42973,W,JC,JC Lipon,Lipon,0,0,3000,NJ@WPG,WPG,NJ,,,,,
40144-104423,C,Nikolai,Nikolai Prokhorkin,Prokhorkin,3.200000047683716,2,3000,LA@TOR,LA,TOR,,,,,
40144-42984,W,Justin,Justin Bailey,Bailey,2.1818181818181817,11,3000,STL@VAN,VAN,STL,,,,,
40144-42997,W,Tyrell,Tyrell Goulbourne,Goulbourne,2.4000000953674316,2,3000,VGK@CBJ,VGK,CBJ,,,,,
